INSERTED;UUID;LINE;NAME;DIRECT_LINK;GROUP_NAME;GROUP_NAME_CNT;CHANGE_SAME;CHANGE_DIFF;HUMANIZE_DIRECT_LINK;HUMANIZE_CHANGE_SAME;LATITUDE;LONGITUDE
10;b312bda1-e65c-4592-b58b-033ad4718767;M1;La Défense Grande Arche;14d98de6-ffc6-43a2-860e-225a5bafb31a;La Défense Grande Arche;1;;;Esplanade de La Défense;;48,89218707640;2,23701805640
20;14d98de6-ffc6-43a2-860e-225a5bafb31a;M1;Esplanade de La Défense;b312bda1-e65c-4592-b58b-033ad4718767/c1f64a40-3640-4a29-a774-9ecf46583272;Esplanade de La Défense;1;;;La Défense Grande Arche / Pont de Neuilly;;48,88863121780;2,24793243532
30;c1f64a40-3640-4a29-a774-9ecf46583272;M1;Pont de Neuilly;14d98de6-ffc6-43a2-860e-225a5bafb31a/f18d9711-8b9b-43a3-8139-e9a815f5fe3c;Pont de Neuilly;1;;;Esplanade de La Défense / Les Sablons;;48,88470820130;2,26051507789
40;f18d9711-8b9b-43a3-8139-e9a815f5fe3c;M1;Les Sablons;c1f64a40-3640-4a29-a774-9ecf46583272/00cb9108-5b85-4c30-b608-bc47a05bc205;Les Sablons;1;;;Pont de Neuilly / Porte Maillot;;48,88119152060;2,27168672105
50;00cb9108-5b85-4c30-b608-bc47a05bc205;M1;Porte Maillot;f18d9711-8b9b-43a3-8139-e9a815f5fe3c/f2fd6950-afae-4ef0-852e-767d5d8b7e9e;Porte Maillot;1;;;Les Sablons / Argentine;;48,87755125180;2,28316224223
60;f2fd6950-afae-4ef0-852e-767d5d8b7e9e;M1;Argentine;00cb9108-5b85-4c30-b608-bc47a05bc205/755ceb3a-df2f-456f-84e0-8664f6b75170;Argentine;1;;;Porte Maillot / Charles de Gaulle - Etoile;;48,87559404990;2,28932258961
70;755ceb3a-df2f-456f-84e0-8664f6b75170;M1;Charles de Gaulle - Etoile;f2fd6950-afae-4ef0-852e-767d5d8b7e9e/3c9bd481-35e3-4ffc-b973-f6a5c7f7f284;Charles de Gaulle - Etoile;3;3df2697d-2b6f-4981-a584-5dc323bfdb84/1f2da068-67ea-4aa0-bcae-9c95dcc28948;;Argentine / Georges V;Charles de Gaulle - Etoile / Charles de Gaulle - Etoile;48,87514981970;2,29590490608
80;3c9bd481-35e3-4ffc-b973-f6a5c7f7f284;M1;Georges V;755ceb3a-df2f-456f-84e0-8664f6b75170/b9d1c704-532d-44b1-934c-99df09c84323;Georges V;1;;;Charles de Gaulle - Etoile / Franklin D. Roosevelt;;48,87202380950;2,30056045125
90;b9d1c704-532d-44b1-934c-99df09c84323;M1;Franklin D. Roosevelt;3c9bd481-35e3-4ffc-b973-f6a5c7f7f284/e56520f5-e7d1-4b59-9c07-d38f701839ee;Franklin D. Roosevelt;2;833f96c2-0da1-47b2-a6f6-9c1e50dcc47d;;Georges V / Champs-Elysées - Clémenceau;Franklin D. Roosevelt;48,86980822020;2,30747079345
100;e56520f5-e7d1-4b59-9c07-d38f701839ee;M1;Champs-Elysées - Clémenceau;b9d1c704-532d-44b1-934c-99df09c84323/977af1c5-4d39-4406-82a5-c1e811c51410;Champs-Elysées - Clémenceau;2;891ef774-ed18-49c2-813e-624a98ea2dc1;;Franklin D. Roosevelt / Concorde;Champs-Elysées - Clémenceau;48,86790534490;2,31354554995
110;977af1c5-4d39-4406-82a5-c1e811c51410;M1;Concorde;e56520f5-e7d1-4b59-9c07-d38f701839ee/fbd3ad64-8537-4e18-afc2-ed5d3d9cb097;Concorde;3;39cd89b6-2ed3-4ef5-ac7c-e5903f131c96/52b3674d-e0dd-4997-ac4d-149e2874e0f9;;Champs-Elysées - Clémenceau / Tuileries;Concorde / Concorde;48,86628580460;2,32294341224
120;fbd3ad64-8537-4e18-afc2-ed5d3d9cb097;M1;Tuileries;977af1c5-4d39-4406-82a5-c1e811c51410/c8cca062-47ed-4801-8906-b5849492a297;Tuileries;1;;;Concorde / Palais Royal - Musée du Louvre;;48,86434377870;2,33012987711
130;c8cca062-47ed-4801-8906-b5849492a297;M1;Palais Royal - Musée du Louvre;fbd3ad64-8537-4e18-afc2-ed5d3d9cb097/0da91896-c62c-4bd3-b9b3-eb61633b0b82;Palais Royal - Musée du Louvre;2;0f5796bf-b157-4c46-9427-f9071fc75312;;Tuileries / Louvre - Rivoli;Palais Royal - Musée du Louvre;48,86234803080;2,33649646231
140;0da91896-c62c-4bd3-b9b3-eb61633b0b82;M1;Louvre - Rivoli;c8cca062-47ed-4801-8906-b5849492a297/241906bd-1a8a-460a-a00a-19ab1e7af0d9;Louvre-Rivoli;1;;;Palais Royal - Musée du Louvre / Châtelet;;48,86080629130;2,34110859163
150;241906bd-1a8a-460a-a00a-19ab1e7af0d9;M1;Châtelet;0da91896-c62c-4bd3-b9b3-eb61633b0b82/5732ca8b-23ee-47fb-9718-77d2f6b477c0;Châtelet;5;c9afc5c0-8386-4ac7-ba16-b78795f4bc30/9046fec1-7211-4c22-bdc3-f28e5aff4f2a/dbdbbb8b-724e-4cb7-af3f-a8d4094d0b87/22df1bb1-c6ab-4788-8194-fd97d494e025;;Louvre - Rivoli / Hôtel de Ville;Châtelet / Châtelet / Châtelet / Châtelet;48,85879919810;2,34730585275
160;5732ca8b-23ee-47fb-9718-77d2f6b477c0;M1;Hôtel de Ville;241906bd-1a8a-460a-a00a-19ab1e7af0d9/4ea4d00a-b92a-444a-b724-c5acc705003e;Hôtel de Ville;2;51b86454-e062-49fc-b7f8-784b20e66b71;;Châtelet / Saint-Paul;Hôtel de ville;48,85747798250;2,35157756299
170;4ea4d00a-b92a-444a-b724-c5acc705003e;M1;Saint-Paul;5732ca8b-23ee-47fb-9718-77d2f6b477c0/757a3621-4dda-4117-9888-7a836c6c3dd8;Saint-Paul;1;;;Hôtel de Ville / Bastille;;48,85523625280;2,36095648866
180;757a3621-4dda-4117-9888-7a836c6c3dd8;M1;Bastille;4ea4d00a-b92a-444a-b724-c5acc705003e/6b2c5ee8-d593-40ab-95e6-cd90c1a5f7c8;Bastille;3;65c83b49-26fb-4371-ae38-8215908be7ff/453339c2-ccb9-482b-92aa-03e6b29e613d;;Saint-Paul / Gare de Lyon;Bastille / Bastille;48,85247942280;2,36932058493
190;6b2c5ee8-d593-40ab-95e6-cd90c1a5f7c8;M1;Gare de Lyon;757a3621-4dda-4117-9888-7a836c6c3dd8/6bfcba0b-189f-414f-bc44-94413a02f3bd;Gare de Lyon;2;0b8bfbc4-adf6-4dac-b354-e81b05daf694;;Bastille / Reuilly - Diderot;Gare de Lyon;48,84602764940;2,37496291887
200;6bfcba0b-189f-414f-bc44-94413a02f3bd;M1;Reuilly - Diderot;6b2c5ee8-d593-40ab-95e6-cd90c1a5f7c8/3fe3b2e7-bc78-42b7-aee2-d9e24a170873;Reuilly - Diderot;2;7645c3cc-86f7-4312-ba31-a2ebe9038ee3;;Gare de Lyon / Nation;Reuilly - Diderot;48,84730378610;2,38634170635
210;3fe3b2e7-bc78-42b7-aee2-d9e24a170873;M1;Nation;6bfcba0b-189f-414f-bc44-94413a02f3bd/cc967a54-83e5-40af-9c61-012b9ea9906a;Nation;4;a1acd0b7-df11-4b1f-b234-f22cc3494994/ae68412a-5504-4d74-8d80-1e7e95a44d9f/68cf43b0-06f8-4a86-a6fd-2bdaffc8f49f;;Reuilly - Diderot / Porte de Vincennes;Nation / Nation / Nation;48,84757936750;2,39555451217
220;cc967a54-83e5-40af-9c61-012b9ea9906a;M1;Porte de Vincennes;3fe3b2e7-bc78-42b7-aee2-d9e24a170873/e3d0442b-0e5f-4001-afc2-d696f5a402f9;Porte de Vincennes;1;;;Nation / Saint-Mandé;;48,84715847940;2,41014036797
230;e3d0442b-0e5f-4001-afc2-d696f5a402f9;M1;Saint-Mandé;cc967a54-83e5-40af-9c61-012b9ea9906a/895a38ab-fed5-4126-8540-b15a5036c9a6;Saint-Mandé;1;;;Porte de Vincennes / Bérault;;48,84635698890;2,41947990037
240;895a38ab-fed5-4126-8540-b15a5036c9a6;M1;Bérault;e3d0442b-0e5f-4001-afc2-d696f5a402f9/d9c3de39-fb67-4a6e-8ec3-b766513b1f0c;Bérault;1;;;Saint-Mandé / Château de Vincennes;;48,84547070760;2,42920516635
250;d9c3de39-fb67-4a6e-8ec3-b766513b1f0c;M1;Château de Vincennes;895a38ab-fed5-4126-8540-b15a5036c9a6;Château de Vincennes;1;;;Bérault;;48,84445639460;2,44043997806
260;cf517a3b-379d-4e6e-a96a-8d0643d5f8d0;M2;Porte Dauphine;48dfa2a0-9de8-43cd-aa71-6356484814a4;Porte Dauphine;1;;;Victor Hugo;;48,87146657810;2,27708301705
270;48dfa2a0-9de8-43cd-aa71-6356484814a4;M2;Victor Hugo;cf517a3b-379d-4e6e-a96a-8d0643d5f8d0/3df2697d-2b6f-4981-a584-5dc323bfdb84;Victor Hugo;1;;;Porte Dauphine / Charles de Gaulle - Etoile;;48,86979855650;2,28533509469
280;3df2697d-2b6f-4981-a584-5dc323bfdb84;M2;Charles de Gaulle - Etoile;48dfa2a0-9de8-43cd-aa71-6356484814a4/ea229cd3-5220-40f9-b1bb-254cc1389174;Charles de Gaulle - Etoile;3;755ceb3a-df2f-456f-84e0-8664f6b75170/1f2da068-67ea-4aa0-bcae-9c95dcc28948;;Victor Hugo / Ternes;Charles de Gaulle - Etoile / Charles de Gaulle - Etoile;48,87461392700;2,29556736975
290;ea229cd3-5220-40f9-b1bb-254cc1389174;M2;Ternes;3df2697d-2b6f-4981-a584-5dc323bfdb84/86fe7668-389f-4a80-8e58-25a59ec038f9;Ternes;1;;;Charles de Gaulle - Etoile / Courcelles;;48,87797270140;2,29831037512
300;86fe7668-389f-4a80-8e58-25a59ec038f9;M2;Courcelles;ea229cd3-5220-40f9-b1bb-254cc1389174/9769e1a1-be66-4f4c-860e-3d8a816a6855;Courcelles;1;;;Ternes / Monceau;;48,87921413420;2,30352872537
310;9769e1a1-be66-4f4c-860e-3d8a816a6855;M2;Monceau;86fe7668-389f-4a80-8e58-25a59ec038f9/10b62ae5-35ff-45db-af51-d2671b983651;Monceau;1;;;Courcelles / Villiers;;48,88044945610;2,30945116799
320;10b62ae5-35ff-45db-af51-d2671b983651;M2;Villiers;9769e1a1-be66-4f4c-860e-3d8a816a6855/f5e995d0-a5fc-456e-aa47-56206377bd98;Villiers;2;fc75c25e-4614-4ec0-8528-b882d76982c5;;Monceau / Rome;Villiers;48,88115002850;2,31517662622
330;f5e995d0-a5fc-456e-aa47-56206377bd98;M2;Rome;10b62ae5-35ff-45db-af51-d2671b983651/a19b50e8-8284-47de-a5d4-303e2f4e1058;Rome;1;;;Villiers / Place de Clichy;;48,88222690080;2,32127492677
340;a19b50e8-8284-47de-a5d4-303e2f4e1058;M2;Place de Clichy;f5e995d0-a5fc-456e-aa47-56206377bd98/65f01e7a-26f3-47c6-9a6b-23709091885c;Place de Clichy;2;ce294054-6da6-4c65-9bff-ba634799d39c;;Rome / Blanche;Place de Clichy;48,88361499220;2,32783955611
350;65f01e7a-26f3-47c6-9a6b-23709091885c;M2;Blanche;a19b50e8-8284-47de-a5d4-303e2f4e1058/fc51df3e-c34c-4ba4-bb3b-9596338beb13;Blanche;1;;;Place de Clichy / Pigalle;;48,88395857350;2,33192659089
360;fc51df3e-c34c-4ba4-bb3b-9596338beb13;M2;Pigalle;65f01e7a-26f3-47c6-9a6b-23709091885c/a2f93f5e-583f-44b1-ace8-3c71fc827140;Pigalle;2;8290b734-bb90-4c7a-9c3a-9926a5e25ff3;;Blanche / Anvers;Pigalle;48,88239015070;2,33729479057
370;a2f93f5e-583f-44b1-ace8-3c71fc827140;M2;Anvers;fc51df3e-c34c-4ba4-bb3b-9596338beb13/83fffe6d-c4b2-4ba4-a631-7078087c95af;Anvers;1;;;Pigalle / Barbès - Rechechouart;;48,88286864760;2,34413063372
380;83fffe6d-c4b2-4ba4-a631-7078087c95af;M2;Barbès - Rechechouart;a2f93f5e-583f-44b1-ace8-3c71fc827140/a7a96d0e-de76-41c3-bc38-88d12b04ed1d;Barbès - Rechechouart;2;57462cbc-7eca-4406-a66c-52107e06f2e2;;Anvers / La Chapelle;Barbès - Rechechouart;48,88380394240;2,35061300069
390;a7a96d0e-de76-41c3-bc38-88d12b04ed1d;M2;La Chapelle;83fffe6d-c4b2-4ba4-a631-7078087c95af/ee8beb96-1812-440f-80b7-d9a7b0094388;La Chapelle;1;;;Barbès - Rechechouart / Stalingrad;;48,88439879520;2,36049131853
400;ee8beb96-1812-440f-80b7-d9a7b0094388;M2;Stalingrad;a7a96d0e-de76-41c3-bc38-88d12b04ed1d/c7a97b27-235c-4a4a-bfba-f9ca4f4501bc;Stalingrad;3;fac704ce-20a3-441a-ad2e-43b9b5c78b0c/eed6aec9-53ed-42e5-bb4c-b695b4571f82;;La Chapelle / Jaurès;Stalingrad / Stalingrad;48,88427894430;2,36588135817
410;c7a97b27-235c-4a4a-bfba-f9ca4f4501bc;M2;Jaurès;ee8beb96-1812-440f-80b7-d9a7b0094388/1806cd1d-602d-4895-ac58-6f74604c73ff;Jaurès;3;d42d11c4-1641-4bb3-88ff-c40ad18b9089/132489eb-4061-402f-9ba5-50755201633c;;Stalingrad / Colonel Fabien;Jaurès / Jaurès;48,88149859590;2,37026212666
420;1806cd1d-602d-4895-ac58-6f74604c73ff;M2;Colonel Fabien;c7a97b27-235c-4a4a-bfba-f9ca4f4501bc/eb12bfff-2545-4cc0-bd66-abcb3bdee780;Colonel Fabien;1;;;Jaurès / Belleville;;48,87761018740;2,37081139531
430;eb12bfff-2545-4cc0-bd66-abcb3bdee780;M2;Belleville;1806cd1d-602d-4895-ac58-6f74604c73ff/f988baae-2b18-4331-bbc7-1f3204b166df;Belleville;2;0781e432-ee8b-4a7d-805d-6402004e8a85;;Colonel Fabien / Couronnes;Belleville;48,87231011380;2,37670214473
440;f988baae-2b18-4331-bbc7-1f3204b166df;M2;Couronnes;eb12bfff-2545-4cc0-bd66-abcb3bdee780/8ba4c93d-e391-4cbf-8025-e7331e4231c6;Couronnes;1;;;Belleville / Ménilmontant;;48,86909116290;2,38054258599
450;8ba4c93d-e391-4cbf-8025-e7331e4231c6;M2;Ménilmontant;f988baae-2b18-4331-bbc7-1f3204b166df/f4d561ba-e7f2-42b2-b8f6-d82da069ea9c;Ménilmontant;1;;;Couronnes / Père Lachaise;;48,86680003510;2,38338325046
460;f4d561ba-e7f2-42b2-b8f6-d82da069ea9c;M2;Père Lachaise;8ba4c93d-e391-4cbf-8025-e7331e4231c6/c1d5956c-b697-4a2c-973b-eb3c1c83c256;Père Lachaise;2;85a18989-c8c3-4b4e-9f8a-cccc95167713;;Ménilmontant / Philippe Auguste;Père Lachaise;48,86265401910;2,38760728815
470;c1d5956c-b697-4a2c-973b-eb3c1c83c256;M2;Philippe Auguste;f4d561ba-e7f2-42b2-b8f6-d82da069ea9c/19422ca3-5505-40a0-b879-c8be1ac3228d;Philippe Auguste;1;;;Père Lachaise / Alexandre Dumas;;48,85846654940;2,38972985235
480;19422ca3-5505-40a0-b879-c8be1ac3228d;M2;Alexandre Dumas;c1d5956c-b697-4a2c-973b-eb3c1c83c256/ba1c12c8-b769-4226-9caf-375e0d03ac52;Alexandre Dumas;1;;;Philippe Auguste / Avron;;48,85637735720;2,39456194456
490;ba1c12c8-b769-4226-9caf-375e0d03ac52;M2;Avron;19422ca3-5505-40a0-b879-c8be1ac3228d/a1acd0b7-df11-4b1f-b234-f22cc3494994;Avron;1;;;Alexandre Dumas / Nation;;48,85151027820;2,39830234427
500;a1acd0b7-df11-4b1f-b234-f22cc3494994;M2;Nation;ba1c12c8-b769-4226-9caf-375e0d03ac52;Nation;4;3fe3b2e7-bc78-42b7-aee2-d9e24a170873/ae68412a-5504-4d74-8d80-1e7e95a44d9f/68cf43b0-06f8-4a86-a6fd-2bdaffc8f49f;;Avron;Nation / Nation / Nation;48,84847428600;2,39506230543
510;1c3dc4ab-5954-491b-9800-fb2426118ddf;M3;Pont de Levallois Bécon;299b6e60-3fb4-4ad0-904e-5b1e9abe8bb5;Pont de Levallois Bécon;1;;;Anatole France;;48,89782106710;2,27980958669
520;299b6e60-3fb4-4ad0-904e-5b1e9abe8bb5;M3;Anatole France;1c3dc4ab-5954-491b-9800-fb2426118ddf/279eed37-af68-4aa9-ac9a-9aba0512bbfc;Anatole France;1;;;Pont de Levallois Bécon / Louise Michel;;48,89208278600;2,28500950275
530;279eed37-af68-4aa9-ac9a-9aba0512bbfc;M3;Louise Michel;299b6e60-3fb4-4ad0-904e-5b1e9abe8bb5/9d5578b3-14cb-4752-b3c0-7a49054c6e3e;Louise Michel;1;;;Anatole France / Porte de Champerret;;48,88870601980;2,28808363305
540;9d5578b3-14cb-4752-b3c0-7a49054c6e3e;M3;Porte de Champerret;279eed37-af68-4aa9-ac9a-9aba0512bbfc/d0bd14be-edba-4239-b164-fda2f7fcf3cc;Porte de Champerret;1;;;Louise Michel / Pereire;;48,88579310520;2,29258231410
550;d0bd14be-edba-4239-b164-fda2f7fcf3cc;M3;Pereire;9d5578b3-14cb-4752-b3c0-7a49054c6e3e/9a0f60d6-785f-4467-ada5-503f1ddb96c4;Pereire;1;;;Porte de Champerret / Wagram;;48,88489625520;2,29772434648
560;9a0f60d6-785f-4467-ada5-503f1ddb96c4;M3;Wagram;d0bd14be-edba-4239-b164-fda2f7fcf3cc/c1cfecdd-ed53-468e-8a46-d6c5082960b0;Wagram;1;;;Pereire / Malesherbes;;48,88380920120;2,30467444053
570;c1cfecdd-ed53-468e-8a46-d6c5082960b0;M3;Malesherbes;9a0f60d6-785f-4467-ada5-503f1ddb96c4/fc75c25e-4614-4ec0-8528-b882d76982c5;Malesherbes;1;;;Wagram / Villiers;;48,88289191750;2,30905226455
580;fc75c25e-4614-4ec0-8528-b882d76982c5;M3;Villiers;c1cfecdd-ed53-468e-8a46-d6c5082960b0/59d6ed5c-e1a5-40a4-9cd2-64fede7c47ee;Villiers;2;10b62ae5-35ff-45db-af51-d2671b983651;;Malesherbes / Europe;Villiers;48,88115002850;2,31517662622
590;59d6ed5c-e1a5-40a4-9cd2-64fede7c47ee;M3;Europe;fc75c25e-4614-4ec0-8528-b882d76982c5/425b6d44-f26d-4521-b737-a8b577bc437d;Europe;1;;;Villiers / Saint-Lazare;;48,87877036850;2,32226521312
600;425b6d44-f26d-4521-b737-a8b577bc437d;M3;Saint-Lazare;59d6ed5c-e1a5-40a4-9cd2-64fede7c47ee/5560ad51-630a-4c94-9a96-fe45637e19d0;Saint-Lazare;4;c74b2c33-d410-4540-aa4b-6dca528df34b/0538c6d9-110e-4e78-95ea-c54f47c25e1d/a9e4878d-035a-467b-8715-75098d61b77d;;Europe / Havre - Caumartin;Saint-Lazare / Saint-Lazare / Saint-Lazare;48,86408657480;2,38079798618
610;5560ad51-630a-4c94-9a96-fe45637e19d0;M3;Havre - Caumartin;425b6d44-f26d-4521-b737-a8b577bc437d/7497e934-33d8-4143-ac73-b75e9841cc85;Havre - Caumartin;2;9acb92c2-faac-4d7d-a10d-2c54b3cf3cc9;;Saint-Lazare / Arts et Métiers;Havre - Caumartin;48,87351338960;2,32754308036
620;7497e934-33d8-4143-ac73-b75e9841cc85;M3;Opéra;5560ad51-630a-4c94-9a96-fe45637e19d0/f438d7fc-4016-464b-8f26-d1e5bcb99a72;Opéra;3;4e145214-f40c-4cf3-b4aa-76e0c987ff49/6f37ba26-77e1-4105-8840-a3ca42c98c1e;;Gambetta / Parmentier;Opéra / Opéra;48,87099178390;2,33198952268
630;f438d7fc-4016-464b-8f26-d1e5bcb99a72;M3;Quatre-Septembre;7497e934-33d8-4143-ac73-b75e9841cc85/7990755b-f930-4d27-a20f-2b1a597efd68;Quatre-Septembre;1;;;Porte de Bagnolet / Réaumur - Sébastopol;;48,86958524350;2,33621884752
640;7990755b-f930-4d27-a20f-2b1a597efd68;M3;Bourse;f438d7fc-4016-464b-8f26-d1e5bcb99a72/bd9c7ac1-a57f-4d37-97a8-74ce3b8e9724;Bourse;1;;;Arts et Métiers / Gallieni;;48,86869597780;2,34072072367
650;bd9c7ac1-a57f-4d37-97a8-74ce3b8e9724;M3;Sentier;7990755b-f930-4d27-a20f-2b1a597efd68/9abe35dc-425d-43e3-9733-96c8861f77f3;Sentier;1;;;Rue Saint-Maur / Temple;;48,86730947500;2,34751621328
660;9abe35dc-425d-43e3-9733-96c8861f77f3;M3;Réaumur - Sébastopol;bd9c7ac1-a57f-4d37-97a8-74ce3b8e9724/5320b8bf-cb2c-49cc-bfca-d8934dbf07a2;Réaumur - Sébastopol;2;a2da50b7-0e06-48a7-9902-de0d454aa4f7;;Quatre-Septembre / République;Réaumur - Sébastopol;48,86634029930;2,35206831805
670;5320b8bf-cb2c-49cc-bfca-d8934dbf07a2;M3;Arts et Métiers;9abe35dc-425d-43e3-9733-96c8861f77f3/c9be487d-dbc2-4aed-9dbf-4d47d6d61a84;Arts et Métiers;2;67a9e5c5-145f-4912-9520-ba5b689b7785;;Havre - Caumartin / Bourse;Arts et Métiers;48,86558647760;2,35673675681
680;c9be487d-dbc2-4aed-9dbf-4d47d6d61a84;M3;Temple;5320b8bf-cb2c-49cc-bfca-d8934dbf07a2/b02dedb1-5c12-4990-85a3-51b96860363d;Temple;1;;;Sentier / UNDEFINED;;48,86668268020;2,36154153207
690;b02dedb1-5c12-4990-85a3-51b96860363d;M3;République;c9be487d-dbc2-4aed-9dbf-4d47d6d61a84/df3e3243-f9d4-4c3a-90df-429ed8bdb265;République;5;01aec5d9-209a-454e-8f37-b877f74ffe8a/b15b689a-f391-4a2c-8727-0073778518ed/1616e4eb-50f4-4073-b7c4-ddf714264278/f1ad70bd-5d00-43df-8f2f-d403a99954e8;;Réaumur - Sébastopol / Rue Saint-Maur;République / République / République / République;48,86702678760;2,36424799375
700;df3e3243-f9d4-4c3a-90df-429ed8bdb265;M3;Parmentier;b02dedb1-5c12-4990-85a3-51b96860363d/7c5b978b-835f-481e-a408-1818c85fae36;Parmentier;1;;;Opéra / Père Lachaise;;48,86525378610;2,37458197000
710;7c5b978b-835f-481e-a408-1818c85fae36;M3;Rue Saint-Maur;df3e3243-f9d4-4c3a-90df-429ed8bdb265/85a18989-c8c3-4b4e-9f8a-cccc95167713;Rue Saint-Maur;1;;;République / Sentier;;48,87500639810;2,32457481029
720;85a18989-c8c3-4b4e-9f8a-cccc95167713;M3;Père Lachaise;7c5b978b-835f-481e-a408-1818c85fae36/b5b5dab5-ed60-4782-9efd-736be530c098;Père Lachaise;2;f4d561ba-e7f2-42b2-b8f6-d82da069ea9c;;Parmentier / Porte de Bagnolet;Père Lachaise;48,86312321460;2,38588244933
730;b5b5dab5-ed60-4782-9efd-736be530c098;M3;Gambetta;85a18989-c8c3-4b4e-9f8a-cccc95167713/e239d124-0875-4832-a242-a5584a957bd2;Gambetta;2;6af0419d-a071-45c7-931b-59155b7015e3;;Gallieni / Opéra;Gambetta;48,86491668510;2,39898444025
740;e239d124-0875-4832-a242-a5584a957bd2;M3;Porte de Bagnolet;b5b5dab5-ed60-4782-9efd-736be530c098/c678762b-4217-426b-95ba-2e201a5d27b2;Porte de Bagnolet;1;;;Père Lachaise / Quatre-Septembre;;48,86460037340;2,40803103708
750;c678762b-4217-426b-95ba-2e201a5d27b2;M3;Gallieni;e239d124-0875-4832-a242-a5584a957bd2;Gallieni;1;;;Bourse;;48,86533531730;2,41669727286
760;ed9de319-e425-4801-b53a-8e42740e5f4b;M3BIS;Porte des Lilas;2cf3a892-f374-42e3-b3f0-b7f8de2e4eff;Porte des Lilas;2;2f7ffcbd-6ec8-47c7-951c-6e03298a828c;;Saint-Fargeau;Porte des Lilas;48,87711051180;2,40672924554
770;2cf3a892-f374-42e3-b3f0-b7f8de2e4eff;M3BIS;Saint-Fargeau;ed9de319-e425-4801-b53a-8e42740e5f4b/07d0c083-a9e7-4f39-8526-50274cac3eb4;Saint-Fargeau;1;;;Porte des Lilas / Pelleport;;48,87210144210;2,40451494238
780;07d0c083-a9e7-4f39-8526-50274cac3eb4;M3BIS;Pelleport;2cf3a892-f374-42e3-b3f0-b7f8de2e4eff/6af0419d-a071-45c7-931b-59155b7015e3;Pelleport;1;;;Saint-Fargeau / Gambetta;;48,86844016330;2,40156171274
790;6af0419d-a071-45c7-931b-59155b7015e3;M3BIS;Gambetta;07d0c083-a9e7-4f39-8526-50274cac3eb4;Gambetta;2;b5b5dab5-ed60-4782-9efd-736be530c098;;Pelleport;Gambetta;48,86516343490;2,39874659344
800;f45eccca-20a6-4114-859f-93224afd9f73;M4;Porte de Clignancourt;d8787d52-05f8-4770-abfc-cb1b3839e5e6;Porte de Clignancourt;1;;;Simplon;;48,89740222290;2,34484774875
810;d8787d52-05f8-4770-abfc-cb1b3839e5e6;M4;Simplon;f45eccca-20a6-4114-859f-93224afd9f73/d1d23771-c86a-4e7b-9dbd-a035b2afa48a;Simplon;1;;;Porte de Clignancourt / Marcadet - Poissonniers;;48,89394138800;2,34776550172
820;d1d23771-c86a-4e7b-9dbd-a035b2afa48a;M4;Marcadet - Poissonniers;d8787d52-05f8-4770-abfc-cb1b3839e5e6/e6aee936-3acc-471d-b108-eb8cc91bf364;Marcadet - Poissonniers;2;e8a7c66f-1db1-41fc-97a0-519752af401e;;Simplon / Château Rouge;Marcadet - Poissonniers;48,89141683420;2,34973840702
830;e6aee936-3acc-471d-b108-eb8cc91bf364;M4;Château Rouge;d1d23771-c86a-4e7b-9dbd-a035b2afa48a/57462cbc-7eca-4406-a66c-52107e06f2e2;Château Rouge;1;;;Marcadet - Poissonniers / Barbès - Rechechouart;;48,88737491060;2,34969408220
840;57462cbc-7eca-4406-a66c-52107e06f2e2;M4;Barbès - Rechechouart;e6aee936-3acc-471d-b108-eb8cc91bf364/26320586-e7af-4abf-bd3a-bd8383359193;Barbès - Rechechouart;2;83fffe6d-c4b2-4ba4-a631-7078087c95af;;Château Rouge / Gare du Nord;Barbès - Rechechouart;48,88343618810;2,34977444365
850;26320586-e7af-4abf-bd3a-bd8383359193;M4;Gare du Nord;57462cbc-7eca-4406-a66c-52107e06f2e2/154524ba-089d-4474-b1cf-9533abbd28b0;Gare du Nord;2;ba871a49-ba2a-4ef0-bcba-86559c28d894;;Barbès - Rechechouart / Gare de l'Est;Gare du Nord;48,87955128440;2,35699516401
860;154524ba-089d-4474-b1cf-9533abbd28b0;M4;Gare de l'Est;26320586-e7af-4abf-bd3a-bd8383359193/74958610-ad70-46b3-80e0-64a0a06164d7;Gare de l'Est;3;979f7753-6044-4475-826d-9873b9020a51/c5202f62-6a57-44bb-b057-422e3454ee38;;Gare du Nord / Château d'Eau;Gare de l'Est / Gare de l'Est;48,87599106480;2,35788077193
870;74958610-ad70-46b3-80e0-64a0a06164d7;M4;Château d'Eau;154524ba-089d-4474-b1cf-9533abbd28b0/b72964b7-7ffb-4ca7-8729-baebb0b40c41;Château d'Eau;1;;;Gare de l'Est / Strasbourg - Saint-Denis;;48,87242491450;2,35604490767
880;b72964b7-7ffb-4ca7-8729-baebb0b40c41;M4;Strasbourg - Saint-Denis;74958610-ad70-46b3-80e0-64a0a06164d7/a2da50b7-0e06-48a7-9902-de0d454aa4f7;Strasbourg - Saint-Denis;3;6014b488-6855-4d24-9291-e4a40fe4cde0/e7e5d05f-8f22-433a-8219-791a337d4bef;;Château d'Eau / Réaumur - Sébastopol;Strasbourg - Saint-Denis / Strasbourg - Saint-Denis;48,86949077450;2,35439176839
890;a2da50b7-0e06-48a7-9902-de0d454aa4f7;M4;Réaumur - Sébastopol;b72964b7-7ffb-4ca7-8729-baebb0b40c41/911b28ae-f78d-4cda-81ba-c97eb31dd9ba;Réaumur - Sébastopol;2;9abe35dc-425d-43e3-9733-96c8861f77f3;;Strasbourg - Saint-Denis / Etienne Marcel;Réaumur - Sébastopol;48,86606968910;2,35245974411
900;911b28ae-f78d-4cda-81ba-c97eb31dd9ba;M4;Etienne Marcel;a2da50b7-0e06-48a7-9902-de0d454aa4f7/48c85a26-a721-453a-aacc-e1258603bfa6;Etienne Marcel;1;;;Réaumur - Sébastopol / Les Halles;;48,86380743780;2,34888065259
910;48c85a26-a721-453a-aacc-e1258603bfa6;M4;Les Halles;911b28ae-f78d-4cda-81ba-c97eb31dd9ba/c9afc5c0-8386-4ac7-ba16-b78795f4bc30;Les Halles;1;;;Etienne Marcel / Châtelet;;48,86231627870;2,34567382822
920;c9afc5c0-8386-4ac7-ba16-b78795f4bc30;M4;Châtelet;48c85a26-a721-453a-aacc-e1258603bfa6/a8285f92-4343-42ec-b41d-5a8e88b53687;Châtelet;5;241906bd-1a8a-460a-a00a-19ab1e7af0d9/9046fec1-7211-4c22-bdc3-f28e5aff4f2a/dbdbbb8b-724e-4cb7-af3f-a8d4094d0b87/22df1bb1-c6ab-4788-8194-fd97d494e025;;Les Halles / Cité;Châtelet / Châtelet / Châtelet / Châtelet;48,85838237030;2,34756482975
930;a8285f92-4343-42ec-b41d-5a8e88b53687;M4;Cité;c9afc5c0-8386-4ac7-ba16-b78795f4bc30/12706f88-0949-4d87-865e-dc27efd3cda2;Cité;1;;;Châtelet / Saint-Michel;;48,85493637660;2,34732131573
940;12706f88-0949-4d87-865e-dc27efd3cda2;M4;Saint-Michel;a8285f92-4343-42ec-b41d-5a8e88b53687/6f0be043-8753-47a5-af4e-873682e9e557;Saint-Michel;1;;;Cité / Odéon;;48,85316798490;2,34328597892
950;6f0be043-8753-47a5-af4e-873682e9e557;M4;Odéon;12706f88-0949-4d87-865e-dc27efd3cda2/c5c61f9a-c2d7-41d3-9f01-5fde78f60865;Odéon;2;02040ce7-ca49-4639-8f91-54f65df79ee7;;Saint-Michel / Saint-Germain-des-Prés;Odéon;48,85230076310;2,33972778159
960;c5c61f9a-c2d7-41d3-9f01-5fde78f60865;M4;Saint-Germain-des-Prés;6f0be043-8753-47a5-af4e-873682e9e557/67e54c11-3701-49de-9b5a-d18be9e90e20;Saint-Germain-des-Prés;1;;;Odéon / Saint-Sulpice;;48,85371893400;2,33377613686
970;67e54c11-3701-49de-9b5a-d18be9e90e20;M4;Saint-Sulpice;c5c61f9a-c2d7-41d3-9f01-5fde78f60865/d402283d-be4a-4e2d-b2e0-aeaf1abbe134;Saint-Sulpice;1;;;Saint-Germain-des-Prés / Saint-Placide;;48,85167224560;2,33125629137
980;d402283d-be4a-4e2d-b2e0-aeaf1abbe134;M4;Saint-Placide;67e54c11-3701-49de-9b5a-d18be9e90e20/73c193b7-7eb9-41c3-b5e8-74f92bc20b8c;Saint-Placide;1;;;Saint-Sulpice / Montparnasse - Bienvenüe;;48,84687823800;2,32679278504
990;73c193b7-7eb9-41c3-b5e8-74f92bc20b8c;M4;Montparnasse - Bienvenüe;d402283d-be4a-4e2d-b2e0-aeaf1abbe134/a4a70632-c11f-4002-a2d9-e39c82060717;Montparnasse - Bienvenüe;4;f4c3281c-5625-4317-8fac-0a7d2b566fc2/56f37902-496a-4972-8020-d9013b6b1a63/602f7ed3-bcf1-4286-a47c-258266973dde;;Saint-Placide / Vavin;Montparnasse - Bienvenüe / Montparnasse - Bienvenüe / Montparnasse - Bienvenüe;48,84378130480;2,32439701240
1000;a4a70632-c11f-4002-a2d9-e39c82060717;M4;Vavin;73c193b7-7eb9-41c3-b5e8-74f92bc20b8c/ba33f3f8-5a6f-4b43-bec5-80ebc9b8a9e6;Vavin;1;;;Montparnasse - Bienvenüe / Raspail;;48,84221841360;2,32900892624
1010;ba33f3f8-5a6f-4b43-bec5-80ebc9b8a9e6;M4;Raspail;a4a70632-c11f-4002-a2d9-e39c82060717/eb1fb494-48a4-4252-baab-0a5ebc29b41a;Raspail;2;da728721-895f-43c5-a9e5-91cac3090415;;Vavin / Denfert - Rochereau;Raspail;48,83896428070;2,33075419209
1020;eb1fb494-48a4-4252-baab-0a5ebc29b41a;M4;Denfert - Rochereau;ba33f3f8-5a6f-4b43-bec5-80ebc9b8a9e6/4996164a-af29-49b5-9701-f6f496d538af;Denfert - Rochereau;2;3def76a3-c0d3-4d2b-999f-c28d4adb2e8f;;Raspail / Mouton - Duvernet;Denfert - Rochereau;48,83345085820;2,33174013099
1030;4996164a-af29-49b5-9701-f6f496d538af;M4;Mouton - Duvernet;eb1fb494-48a4-4252-baab-0a5ebc29b41a/1d708958-e2e5-4738-a9dd-6a02a5b6de4a;Mouton - Duvernet;1;;;Denfert - Rochereau / Alésia;;48,83111266040;2,32970501262
1040;1d708958-e2e5-4738-a9dd-6a02a5b6de4a;M4;Alésia;4996164a-af29-49b5-9701-f6f496d538af/61c65477-c6d8-4918-9f11-286bf3638bd1;Alésia;1;;;Mouton - Duvernet / Porte d'Orléan;;48,82818847630;2,32716464961
1050;61c65477-c6d8-4918-9f11-286bf3638bd1;M4;Porte d'Orléan;1d708958-e2e5-4738-a9dd-6a02a5b6de4a/6d195900-116c-4b85-bcb0-6d6f9bb695bd;Porte d'Orléan;1;;;Alésia / Mairie de Montrouge;;48,82341162900;2,32557563621
1060;6d195900-116c-4b85-bcb0-6d6f9bb695bd;M4;Mairie de Montrouge;61c65477-c6d8-4918-9f11-286bf3638bd1;Mairie de Montrouge;1;;;Porte d'Orléan;;48,81867640990;2,31974031330
1070;a172deef-108f-4889-b274-336bc256ac2f;M5;Bobigny - Pablo Picasso;cd313e09-ce5d-409c-8ea8-55cac0dcd5bc;Bobigny - Pablo Picasso;1;;;Bobigny - Pantin - Raymond Queneau;;48,90637477030;2,44918990449
1080;cd313e09-ce5d-409c-8ea8-55cac0dcd5bc;M5;Bobigny - Pantin - Raymond Queneau;a172deef-108f-4889-b274-336bc256ac2f/72b9bbe5-8fd5-4b24-92ee-d5f0ddada128;Bobigny - Pantin - Raymond Queneau;1;;;Bobigny - Pablo Picasso / Eglise de Pantin;;48,89545467300;2,42532688880
1090;72b9bbe5-8fd5-4b24-92ee-d5f0ddada128;M5;Eglise de Pantin;cd313e09-ce5d-409c-8ea8-55cac0dcd5bc/b1aed7a7-f269-484a-90f5-961cb3c541bb;Eglise de Pantin;1;;;Bobigny - Pantin - Raymond Queneau / Hoche;;48,89325759000;2,41331313951
1100;b1aed7a7-f269-484a-90f5-961cb3c541bb;M5;Hoche;72b9bbe5-8fd5-4b24-92ee-d5f0ddada128/1bf4d462-672a-4ac5-a6ad-6bada09d7286;Hoche;1;;;Eglise de Pantin / Porte de Pantin;;48,89122859320;2,40235214254
1110;1bf4d462-672a-4ac5-a6ad-6bada09d7286;M5;Porte de Pantin;b1aed7a7-f269-484a-90f5-961cb3c541bb/80951edc-35d3-4481-b648-3b9853d91067;Porte de Pantin;1;;;Hoche / Ourcq;;48,88850368790;2,39211369776
1120;80951edc-35d3-4481-b648-3b9853d91067;M5;Ourcq;1bf4d462-672a-4ac5-a6ad-6bada09d7286/5ad86ac4-6613-470f-ae8e-51f8397749c8;Ourcq;1;;;Porte de Pantin / Laumière;;48,88713486910;2,38696001714
1130;5ad86ac4-6613-470f-ae8e-51f8397749c8;M5;Laumière;80951edc-35d3-4481-b648-3b9853d91067/d42d11c4-1641-4bb3-88ff-c40ad18b9089;Laumière;1;;;Ourcq / Jaurès;;48,88521618210;2,37966307748
1140;d42d11c4-1641-4bb3-88ff-c40ad18b9089;M5;Jaurès;5ad86ac4-6613-470f-ae8e-51f8397749c8/fac704ce-20a3-441a-ad2e-43b9b5c78b0c;Jaurès;3;c7a97b27-235c-4a4a-bfba-f9ca4f4501bc/132489eb-4061-402f-9ba5-50755201633c;;Laumière / Stalingrad;Jaurès / Jaurès;48,88314745140;2,37100144075
1150;fac704ce-20a3-441a-ad2e-43b9b5c78b0c;M5;Stalingrad;d42d11c4-1641-4bb3-88ff-c40ad18b9089/ba871a49-ba2a-4ef0-bcba-86559c28d894;Stalingrad;3;ee8beb96-1812-440f-80b7-d9a7b0094388/eed6aec9-53ed-42e5-bb4c-b695b4571f82;;Jaurès / Gare du Nord;Stalingrad / Stalingrad;48,88442088640;2,36589381994
1160;ba871a49-ba2a-4ef0-bcba-86559c28d894;M5;Gare du Nord;fac704ce-20a3-441a-ad2e-43b9b5c78b0c/979f7753-6044-4475-826d-9873b9020a51;Gare du Nord;2;26320586-e7af-4abf-bd3a-bd8383359193;;Stalingrad / Gare de l'Est;Gare du Nord;48,87985014250;2,35745934659
1170;979f7753-6044-4475-826d-9873b9020a51;M5;Gare de l'Est;ba871a49-ba2a-4ef0-bcba-86559c28d894/58d37da8-8d48-47cc-961e-0f83ab17777b;Gare de l'Est;3;154524ba-089d-4474-b1cf-9533abbd28b0/c5202f62-6a57-44bb-b057-422e3454ee38;;Gare du Nord / Jacques Bonsergent;Gare de l'Est / Gare de l'Est;48,87612635290;2,35804750536
1180;58d37da8-8d48-47cc-961e-0f83ab17777b;M5;Jacques Bonsergent;979f7753-6044-4475-826d-9873b9020a51/01aec5d9-209a-454e-8f37-b877f74ffe8a;Jacques Bonsergent;1;;;Gare de l'Est / République;;48,87080998000;2,36102746692
1190;01aec5d9-209a-454e-8f37-b877f74ffe8a;M5;République;58d37da8-8d48-47cc-961e-0f83ab17777b/93a26e42-56a8-4918-8c8f-70e7982935be;République;5;b02dedb1-5c12-4990-85a3-51b96860363d/b15b689a-f391-4a2c-8727-0073778518ed/1616e4eb-50f4-4073-b7c4-ddf714264278/f1ad70bd-5d00-43df-8f2f-d403a99954e8;;Jacques Bonsergent / Oberkampf;République / République / République / République;48,86738447290;2,36426495043
1200;93a26e42-56a8-4918-8c8f-70e7982935be;M5;Oberkampf;01aec5d9-209a-454e-8f37-b877f74ffe8a/17714f09-edaa-4832-9c2b-25ed3e68ef9b;Oberkampf;2;62e62d2c-89c1-4d2a-b35f-da04b9e79a2c;;République / Richard-Lenoir;Oberkampf;48,86465787960;2,36841002566
1210;17714f09-edaa-4832-9c2b-25ed3e68ef9b;M5;Richard-Lenoir;93a26e42-56a8-4918-8c8f-70e7982935be/edd840a6-24cb-4415-9324-8e450ffaa381;Richard-Lenoir;1;;;Oberkampf / Bréguet - Sabin;;48,85987362440;2,37191398009
1220;edd840a6-24cb-4415-9324-8e450ffaa381;M5;Bréguet - Sabin;17714f09-edaa-4832-9c2b-25ed3e68ef9b/65c83b49-26fb-4371-ae38-8215908be7ff;Bréguet - Sabin;1;;;Richard-Lenoir / Bastille;;48,85614070930;2,37020933841
1230;65c83b49-26fb-4371-ae38-8215908be7ff;M5;Bastille;edd840a6-24cb-4415-9324-8e450ffaa381/8d8db83e-f6b0-4fa5-90cb-1c202c6d973b;Bastille;3;757a3621-4dda-4117-9888-7a836c6c3dd8/453339c2-ccb9-482b-92aa-03e6b29e613d;;Bréguet - Sabin / Quai de la Râpée;Bastille / Bastille;48,85343696230;2,36873657263
1240;8d8db83e-f6b0-4fa5-90cb-1c202c6d973b;M5;Quai de la Râpée;65c83b49-26fb-4371-ae38-8215908be7ff/7e001018-784d-4f3b-ac17-a1c54b1d00b5;Quai de la Râpée;1;;;Bastille / Gare d'Austerlitz;;48,84651540420;2,36587346941
1250;7e001018-784d-4f3b-ac17-a1c54b1d00b5;M5;Gare d'Austerlitz;8d8db83e-f6b0-4fa5-90cb-1c202c6d973b/56a7621a-e8bb-4851-85cf-d786709ab583;Gare d'Austerlitz;2;6429e188-69bb-4dc7-8b46-c704e72841b1;;Quai de la Râpée / Saint-Marcel;Gare d'Austerlitz;48,84226538650;2,36533865297
1260;56a7621a-e8bb-4851-85cf-d786709ab583;M5;Saint-Marcel;7e001018-784d-4f3b-ac17-a1c54b1d00b5/9882a61c-1ee8-44aa-a880-89660363666d;Saint-Marcel;1;;;Gare d'Austerlitz / Campo-Formio;;48,83842729700;2,36096716770
1270;9882a61c-1ee8-44aa-a880-89660363666d;M5;Campo-Formio;56a7621a-e8bb-4851-85cf-d786709ab583/4ab9c0b8-bda1-434e-96fa-9897fd05fc11;Campo-Formio;1;;;Saint-Marcel / Place d'Italie;;48,83549535540;2,35882348910
1280;4ab9c0b8-bda1-434e-96fa-9897fd05fc11;M5;Place d'Italie;9882a61c-1ee8-44aa-a880-89660363666d;Place d'Italie;3;60b3084a-256d-4462-965b-d4300723a1e5/9cc8c832-0b9a-4960-8b00-bf69bd1424ab;;Campo-Formio;Place d'Italie / Place d'Italie;48,83097267300;2,35558027408
1290;1f2da068-67ea-4aa0-bcae-9c95dcc28948;M6;Charles de Gaulle - Etoile;c437e277-9249-4a57-9f53-b499650885ba;Charles de Gaulle - Etoile;3;755ceb3a-df2f-456f-84e0-8664f6b75170/3df2697d-2b6f-4981-a584-5dc323bfdb84;;Kléber;Charles de Gaulle - Etoile / Charles de Gaulle - Etoile;48,87474865070;2,29556025621
1300;c437e277-9249-4a57-9f53-b499650885ba;M6;Kléber;1f2da068-67ea-4aa0-bcae-9c95dcc28948/d7123303-29d4-407d-b36b-c117bf8b2324;Kléber;1;;;Charles de Gaulle - Etoile / Boissière;;48,87164976910;2,29352429034
1310;d7123303-29d4-407d-b36b-c117bf8b2324;M6;Boissière;c437e277-9249-4a57-9f53-b499650885ba/031acf11-25b2-4a06-98b4-5cfe7347daf1;Boissière;1;;;Kléber / Trocadéro;;48,86698311040;2,29005883493
1320;031acf11-25b2-4a06-98b4-5cfe7347daf1;M6;Trocadéro;d7123303-29d4-407d-b36b-c117bf8b2324/93e53aee-eb29-4366-98b1-0dd1447daec5;Trocadéro;2;00419aee-1c76-4f1e-bda0-e0e3eac65898;;Boissière / Passy;Trocadéro;48,86361093760;2,28758016253
1330;93e53aee-eb29-4366-98b1-0dd1447daec5;M6;Passy;031acf11-25b2-4a06-98b4-5cfe7347daf1/76e2aa2c-b01f-4e0f-86c3-d08605088205;Passy;1;;;Trocadéro / Bir-Hakheim;;48,85744869100;2,28581244413
1340;76e2aa2c-b01f-4e0f-86c3-d08605088205;M6;Bir-Hakheim;93e53aee-eb29-4366-98b1-0dd1447daec5/f13c272f-3d8a-4a7b-842f-0d7415410f97;Bir-Hakheim;1;;;Passy / Dupleix;;48,85394260710;2,28933453277
1350;f13c272f-3d8a-4a7b-842f-0d7415410f97;M6;Dupleix;76e2aa2c-b01f-4e0f-86c3-d08605088205/43cb2e8d-a03c-4539-975d-48113a7dc1fb;Dupleix;1;;;Bir-Hakheim / La Motte-Piquet - Grenelle;;48,85043454900;2,29361243991
1360;43cb2e8d-a03c-4539-975d-48113a7dc1fb;M6;La Motte-Piquet - Grenelle;f13c272f-3d8a-4a7b-842f-0d7415410f97/e359031e-93f3-4121-901c-1efcf919db2f;La Motte-Piquet - Grenelle;3;418bdc65-4b7d-443f-a024-1200bc1b5557/738f1322-411b-4cf5-a367-1ba41f472b1f;;Dupleix / Cambronne;La Motte-Piquet - Grenelle / La Motte-Piquet - Grenelle;48,84874166570;2,29893091175
1370;e359031e-93f3-4121-901c-1efcf919db2f;M6;Cambronne;43cb2e8d-a03c-4539-975d-48113a7dc1fb/d1c36fe0-7027-46af-8680-d877c6426ee2;Cambronne;1;;;La Motte-Piquet - Grenelle / Sévres - Lecourbe;;48,84750708110;2,30296829919
1380;d1c36fe0-7027-46af-8680-d877c6426ee2;M6;Sévres - Lecourbe;e359031e-93f3-4121-901c-1efcf919db2f/eaadd210-e039-48df-86fa-9f8d61a603d9;Sèvres - Lecourbe;1;;;Cambronne / Pasteur;;48,84562696670;2,30953149010
1390;eaadd210-e039-48df-86fa-9f8d61a603d9;M6;Pasteur;d1c36fe0-7027-46af-8680-d877c6426ee2/f4c3281c-5625-4317-8fac-0a7d2b566fc2;Pasteur;2;7f4eee61-63d3-4585-bec2-9f50d878c46f;;Sévres - Lecourbe / Montparnasse - Bienvenüe;Pasteur;48,84267682000;2,31281277347
1400;f4c3281c-5625-4317-8fac-0a7d2b566fc2;M6;Montparnasse - Bienvenüe;eaadd210-e039-48df-86fa-9f8d61a603d9/ba55b1b7-623b-432d-a474-40f5a6fc0fad;Montparnasse - Bienvenüe;4;73c193b7-7eb9-41c3-b5e8-74f92bc20b8c/56f37902-496a-4972-8020-d9013b6b1a63/602f7ed3-bcf1-4286-a47c-258266973dde;;Pasteur / Edgar Quinet;Montparnasse - Bienvenüe / Montparnasse - Bienvenüe / Montparnasse - Bienvenüe;48,84210220720;2,32127856274
1410;ba55b1b7-623b-432d-a474-40f5a6fc0fad;M6;Edgar Quinet;f4c3281c-5625-4317-8fac-0a7d2b566fc2/da728721-895f-43c5-a9e5-91cac3090415;Edgar Quinet;1;;;Montparnasse - Bienvenüe / Raspail;;48,84066322930;2,32638461079
1420;da728721-895f-43c5-a9e5-91cac3090415;M6;Raspail;ba55b1b7-623b-432d-a474-40f5a6fc0fad/3def76a3-c0d3-4d2b-999f-c28d4adb2e8f;Raspail;2;ba33f3f8-5a6f-4b43-bec5-80ebc9b8a9e6;;Edgar Quinet / Denfert - Rochereau;Raspail;48,83896428070;2,33075419209
1430;3def76a3-c0d3-4d2b-999f-c28d4adb2e8f;M6;Denfert - Rochereau;da728721-895f-43c5-a9e5-91cac3090415/ed544ed8-535a-4ce1-9430-9546d68747df;Denfert - Rochereau;2;eb1fb494-48a4-4252-baab-0a5ebc29b41a;;Raspail / Saint-Jacques;Denfert - Rochereau;48,83429298050;2,33285230996
1440;ed544ed8-535a-4ce1-9430-9546d68747df;M6;Saint-Jacques;3def76a3-c0d3-4d2b-999f-c28d4adb2e8f/f7564950-e922-406b-bc65-e5f80bad1576;Saint-Jacques;1;;;Denfert - Rochereau / Glacière;;48,83290081650;2,33713519061
1450;f7564950-e922-406b-bc65-e5f80bad1576;M6;Glacière;ed544ed8-535a-4ce1-9430-9546d68747df/c3ff3def-9e04-4b96-897b-b31320fa9560;Glacière;1;;;Saint-Jacques / Corvisart;;48,83112954800;2,34351165775
1460;c3ff3def-9e04-4b96-897b-b31320fa9560;M6;Corvisart;f7564950-e922-406b-bc65-e5f80bad1576/60b3084a-256d-4462-965b-d4300723a1e5;Corvisart;1;;;Glacière / Place d'Italie;;48,82979051370;2,35041487201
1470;60b3084a-256d-4462-965b-d4300723a1e5;M6;Place d'Italie;c3ff3def-9e04-4b96-897b-b31320fa9560/7aa3d05a-7558-4796-903e-5309201bd540;Place d'Italie;3;4ab9c0b8-bda1-434e-96fa-9897fd05fc11/9cc8c832-0b9a-4960-8b00-bf69bd1424ab;;Corvisart / Nationale;Place d'Italie / Place d'Italie;48,83092724100;2,35612193880
1480;7aa3d05a-7558-4796-903e-5309201bd540;M6;Nationale;60b3084a-256d-4462-965b-d4300723a1e5/f7be018c-07c3-4d8f-b500-aee8a6758038;Nationale;1;;;Place d'Italie / Chevaleret;;48,83321671970;2,36285639952
1490;f7be018c-07c3-4d8f-b500-aee8a6758038;M6;Chevaleret;7aa3d05a-7558-4796-903e-5309201bd540/30e17dd1-b336-4edc-be27-2792b8d2710d;Chevaleret;1;;;Nationale / Quai de la Gare;;48,83494772230;2,36812632906
1500;30e17dd1-b336-4edc-be27-2792b8d2710d;M6;Quai de la Gare;f7be018c-07c3-4d8f-b500-aee8a6758038/cc8704fb-c908-463c-8159-6e2379666108;Quai de la Gare;1;;;Chevaleret / Bercy;;48,83704511920;2,37282572183
1510;cc8704fb-c908-463c-8159-6e2379666108;M6;Bercy;30e17dd1-b336-4edc-be27-2792b8d2710d/758e7841-1a49-4e10-9c11-4cb6789edacd;Bercy;2;5bca94f6-e392-4061-825a-88847ad43c11;;Quai de la Gare / Dugommier;Bercy;48,84038874810;2,37991127145
1520;758e7841-1a49-4e10-9c11-4cb6789edacd;M6;Dugommier;cc8704fb-c908-463c-8159-6e2379666108/33efcd47-ecc6-4752-9e72-cefb278dc89e;Dugommier;1;;;Bercy / Dausmenil;;48,83904114370;2,38962001134
1530;33efcd47-ecc6-4752-9e72-cefb278dc89e;M6;Dausmenil;758e7841-1a49-4e10-9c11-4cb6789edacd/27214370-e4c5-46ac-bb59-9d8da592c88f;Dausmenil;2;e35c326a-0b77-4b12-9da6-79789ce2a5c4;;Dugommier / Bel-Air;Dausmenil;48,83954964560;2,39570328944
1540;27214370-e4c5-46ac-bb59-9d8da592c88f;M6;Bel-Air;33efcd47-ecc6-4752-9e72-cefb278dc89e/4acb6b43-e63b-41da-bc4c-7a8609cf16e5;Bel-Air;1;;;Dausmenil / Picpus;;48,84133825090;2,40091853812
1550;4acb6b43-e63b-41da-bc4c-7a8609cf16e5;M6;Picpus;27214370-e4c5-46ac-bb59-9d8da592c88f/ae68412a-5504-4d74-8d80-1e7e95a44d9f;Picpus;1;;;Bel-Air / Nation;;48,84506157990;2,40128901983
1560;ae68412a-5504-4d74-8d80-1e7e95a44d9f;M6;Nation;4acb6b43-e63b-41da-bc4c-7a8609cf16e5;Nation;4;3fe3b2e7-bc78-42b7-aee2-d9e24a170873/a1acd0b7-df11-4b1f-b234-f22cc3494994/68cf43b0-06f8-4a86-a6fd-2bdaffc8f49f;;Picpus;Nation / Nation / Nation;48,84737487870;2,39546199483
1570;b7466cd2-1062-4ef1-a8bc-c01b8a106d1f;M7;La Courneuve - 8 Mai 1945;f011b367-77b7-4c03-b63a-c8ae5c6fafa3;La Courneuve - 8 Mai 1945;1;;;Fort d'Aubervilliers;;48,92078596990;2,41059861373
1580;f011b367-77b7-4c03-b63a-c8ae5c6fafa3;M7;Fort d'Aubervilliers;b7466cd2-1062-4ef1-a8bc-c01b8a106d1f/cf95fa18-973e-40c0-a616-c9d59558b22f;Fort d'Aubervilliers;1;;;La Courneuve - 8 Mai 1945 / Aubervilliers - Pantin - Quatre Chemins;;48,91494975640;2,40440908743
1590;cf95fa18-973e-40c0-a616-c9d59558b22f;M7;Aubervilliers - Pantin - Quatre Chemins;f011b367-77b7-4c03-b63a-c8ae5c6fafa3/60e334fd-e399-48b3-a2da-d95306aa6bde;Aubervilliers - Pantin - Quatre Chemins;1;;;Fort d'Aubervilliers / Porte de la Villette;;48,90375993020;2,39228705964
1600;60e334fd-e399-48b3-a2da-d95306aa6bde;M7;Porte de la Villette;cf95fa18-973e-40c0-a616-c9d59558b22f/2ef6381b-4da7-499d-a30d-593505692b2f;Porte de la Villette;1;;;Aubervilliers - Pantin - Quatre Chemins / Corentin Cariou;;48,89738989070;2,38550838768
1610;2ef6381b-4da7-499d-a30d-593505692b2f;M7;Corentin Cariou;60e334fd-e399-48b3-a2da-d95306aa6bde/36dfacce-996a-41cf-86fa-11783b821d05;Corentin Cariou;1;;;Porte de la Villette / Crimée;;48,89483646840;2,38252234342
1620;36dfacce-996a-41cf-86fa-11783b821d05;M7;Crimée;2ef6381b-4da7-499d-a30d-593505692b2f/7a1abb55-0e84-4bfc-b250-5825eb671c8c;Crimée;1;;;Corentin Cariou / Riquet;;48,89078896950;2,37731575560
1630;7a1abb55-0e84-4bfc-b250-5825eb671c8c;M7;Riquet;36dfacce-996a-41cf-86fa-11783b821d05/eed6aec9-53ed-42e5-bb4c-b695b4571f82;Riquet;1;;;Crimée / Stalingrad;;48,88826761700;2,37420401204
1640;eed6aec9-53ed-42e5-bb4c-b695b4571f82;M7;Stalingrad;7a1abb55-0e84-4bfc-b250-5825eb671c8c/5e36d407-7375-4399-8286-2438214f9725;Stalingrad;3;ee8beb96-1812-440f-80b7-d9a7b0094388/fac704ce-20a3-441a-ad2e-43b9b5c78b0c;;Riquet / Louis Blanc;Stalingrad / Stalingrad;48,88438514540;2,36939198436
1650;5e36d407-7375-4399-8286-2438214f9725;M7;Louis Blanc;eed6aec9-53ed-42e5-bb4c-b695b4571f82/972d75b1-8a40-4ef5-ba37-a4e83162d02a;Louis Blanc;2;e7bab5a6-d571-4233-8abb-568b0a0df76b;;Stalingrad / Château-Landon;Louis Blanc;48,88128581190;2,36554431917
1660;972d75b1-8a40-4ef5-ba37-a4e83162d02a;M7;Château-Landon;5e36d407-7375-4399-8286-2438214f9725/c5202f62-6a57-44bb-b057-422e3454ee38;Château-Landon;1;;;Louis Blanc / Gare de l'Est;;48,87856562580;2,36216007192
1670;c5202f62-6a57-44bb-b057-422e3454ee38;M7;Gare de l'Est;972d75b1-8a40-4ef5-ba37-a4e83162d02a/d8850a9e-5419-4051-8b8a-c515a3b9c3a2;Gare de l'Est;3;154524ba-089d-4474-b1cf-9533abbd28b0/979f7753-6044-4475-826d-9873b9020a51;;Château-Landon / Poissonnière;Gare de l'Est / Gare de l'Est;48,87627270350;2,35805790434
1680;d8850a9e-5419-4051-8b8a-c515a3b9c3a2;M7;Poissonnière;c5202f62-6a57-44bb-b057-422e3454ee38/1fda4799-6798-4c5c-9594-04c34b8024da;Poissonnière;1;;;Gare de l'Est / Cadet;;48,87723631910;2,34929390248
1690;1fda4799-6798-4c5c-9594-04c34b8024da;M7;Cadet;d8850a9e-5419-4051-8b8a-c515a3b9c3a2/328c2fa9-8a9f-4b0b-a4d4-9cfc2b3787f2;Cadet;1;;;Poissonnière / Le Peletier;;48,87589068190;2,34412603046
1700;328c2fa9-8a9f-4b0b-a4d4-9cfc2b3787f2;M7;Le Peletier;1fda4799-6798-4c5c-9594-04c34b8024da/817870c1-d954-41de-926c-72dd4c8e4eeb;Le Peletier;1;;;Cadet / Chaussée d'Antin - La Fayette;;48,87487434340;2,34019988439
1710;817870c1-d954-41de-926c-72dd4c8e4eeb;M7;Chaussée d'Antin - La Fayette;328c2fa9-8a9f-4b0b-a4d4-9cfc2b3787f2/4e145214-f40c-4cf3-b4aa-76e0c987ff49;Chaussée d'Antin - La Fayette;2;ec6e5c91-fccf-4c94-a5fc-5f5f25d8594d;;Le Peletier / Opéra;Chaussée d'Antin - La Fayette;48,87310927430;2,33345121858
1720;4e145214-f40c-4cf3-b4aa-76e0c987ff49;M7;Opéra;817870c1-d954-41de-926c-72dd4c8e4eeb/d9826fce-40f6-4c37-98a9-f09e3de33bd2;Opéra;3;7497e934-33d8-4143-ac73-b75e9841cc85/6f37ba26-77e1-4105-8840-a3ca42c98c1e;;Chaussée d'Antin - La Fayette / Pyramides;Opéra / Opéra;48,87048670330;2,33240740643
1730;d9826fce-40f6-4c37-98a9-f09e3de33bd2;M7;Pyramides;4e145214-f40c-4cf3-b4aa-76e0c987ff49/0f5796bf-b157-4c46-9427-f9071fc75312;Pyramides;2;a69d56f6-038e-493c-8226-6a6b1bcf1d05;;Opéra / Palais Royal - Musée du Louvre;Pyramides;48,86598092050;2,33433072438
1740;0f5796bf-b157-4c46-9427-f9071fc75312;M7;Palais Royal - Musée du Louvre;d9826fce-40f6-4c37-98a9-f09e3de33bd2/27e3286a-d4bb-418f-a973-c2f843201e4a;Palais Royal - Musée du Louvre;2;c8cca062-47ed-4801-8906-b5849492a297;;Pyramides / Pont Neuf;Palais Royal - Musée du Louvre;48,86282967280;2,33687839760
1750;27e3286a-d4bb-418f-a973-c2f843201e4a;M7;Pont Neuf;0f5796bf-b157-4c46-9427-f9071fc75312/9046fec1-7211-4c22-bdc3-f28e5aff4f2a;Pont Neuf;1;;;Palais Royal - Musée du Louvre / Châtelet;;48,85855382640;2,34223275937
1760;9046fec1-7211-4c22-bdc3-f28e5aff4f2a;M7;Châtelet;27e3286a-d4bb-418f-a973-c2f843201e4a/96ccc5b7-dfca-4b67-8912-e9f144e4f0b8;Châtelet;5;241906bd-1a8a-460a-a00a-19ab1e7af0d9/c9afc5c0-8386-4ac7-ba16-b78795f4bc30/dbdbbb8b-724e-4cb7-af3f-a8d4094d0b87/22df1bb1-c6ab-4788-8194-fd97d494e025;;Pont Neuf / Pont Marie;Châtelet / Châtelet / Châtelet / Châtelet;48,85705996630;2,34771187993
1770;96ccc5b7-dfca-4b67-8912-e9f144e4f0b8;M7;Pont Marie;9046fec1-7211-4c22-bdc3-f28e5aff4f2a/cc60fc70-a0e1-44ca-b0d2-7c5aaf2bb761;Pont Marie;1;;;Châtelet / Sully - Morland;;48,85357547250;2,35716257162
1780;cc60fc70-a0e1-44ca-b0d2-7c5aaf2bb761;M7;Sully - Morland;96ccc5b7-dfca-4b67-8912-e9f144e4f0b8/7069efeb-bc47-4edf-bda1-82d5f4787e58;Sully - Morland;1;;;Pont Marie / Jussieu;;48,85123768040;2,36198514100
1790;7069efeb-bc47-4edf-bda1-82d5f4787e58;M7;Jussieu;cc60fc70-a0e1-44ca-b0d2-7c5aaf2bb761/79b04856-e340-4c50-8358-fb946ec65095;Jussieu;2;3b879b61-66f0-458a-b736-cd6fe06b58a5;;Sully - Morland / Place Monge;Jussieu;48,84595066660;2,35505026306
1800;79b04856-e340-4c50-8358-fb946ec65095;M7;Place Monge;7069efeb-bc47-4edf-bda1-82d5f4787e58/6d6b6937-0ecd-4e41-916d-3b756bd7a041;Place Monge;1;;;Jussieu / Censier Daubenton;;48,84286683070;2,35222472818
1810;6d6b6937-0ecd-4e41-916d-3b756bd7a041;M7;Censier Daubenton;79b04856-e340-4c50-8358-fb946ec65095/8340f9f1-977c-4eb8-bd20-24ad28847bc7;Censier Daubenton;1;;;Place Monge / Les Gobelins;;48,84048665260;2,35173948717
1820;8340f9f1-977c-4eb8-bd20-24ad28847bc7;M7;Les Gobelins;6d6b6937-0ecd-4e41-916d-3b756bd7a041/9cc8c832-0b9a-4960-8b00-bf69bd1424ab;Les Gobelins;1;;;Censier Daubenton / Place d'Italie;;48,83586348420;2,35258892564
1830;9cc8c832-0b9a-4960-8b00-bf69bd1424ab;M7;Place d'Italie;8340f9f1-977c-4eb8-bd20-24ad28847bc7/89955209-9e05-4936-b935-ce002b119ffd;Place d'Italie;3;4ab9c0b8-bda1-434e-96fa-9897fd05fc11/60b3084a-256d-4462-965b-d4300723a1e5;;Les Gobelins / Tolbiac;Place d'Italie / Place d'Italie;48,83143363100;2,35564364302
1840;89955209-9e05-4936-b935-ce002b119ffd;M7;Tolbiac;9cc8c832-0b9a-4960-8b00-bf69bd1424ab/0b14e413-a0b1-45fb-8170-a7d50d4b6461;Tolbiac;1;;;Place d'Italie / Maison Blanche;;48,82642601090;2,35724565076
1850;0b14e413-a0b1-45fb-8170-a7d50d4b6461;M7;Maison Blanche;89955209-9e05-4936-b935-ce002b119ffd/07372633-832e-4c75-902b-975bae2c2dd2/a7378aa1-6fea-4a6d-bfb6-75e379e66bf2;Maison Blanche;1;;;Tolbiac / Porte d'Italie / Le Kremlin - Bicêtre;;48,82243783460;2,35847388385
1860;07372633-832e-4c75-902b-975bae2c2dd2;M7;Porte d'Italie;0b14e413-a0b1-45fb-8170-a7d50d4b6461/31d6de51-e073-48f9-a9c5-59ad322019ff;Porte d'Italie;1;;;Maison Blanche / Porte de Choisy;;48,81922334960;2,35970521675
1870;31d6de51-e073-48f9-a9c5-59ad322019ff;M7;Porte de Choisy;07372633-832e-4c75-902b-975bae2c2dd2/b010b770-f802-4990-98c1-884401bee0e8;Porte de Choisy;1;;;Porte d'Italie / Porte d'Ivry;;48,81987622100;2,36453195175
1880;b010b770-f802-4990-98c1-884401bee0e8;M7;Porte d'Ivry;31d6de51-e073-48f9-a9c5-59ad322019ff/6ace4581-1c73-425d-81ce-b2dceae26a91;Porte d'Ivry;1;;;Porte de Choisy / Pierre et Marie Curie;;48,82135578380;2,36929058735
1890;6ace4581-1c73-425d-81ce-b2dceae26a91;M7;Pierre et Marie Curie;b010b770-f802-4990-98c1-884401bee0e8/6b79ba58-9fc2-462c-9bec-dd6a77fbd72a;Pierre et Marie Curie;1;;;Porte d'Ivry / Mairie d'Ivry;;48,81593076300;2,37726720015
1900;6b79ba58-9fc2-462c-9bec-dd6a77fbd72a;M7;Mairie d'Ivry;6ace4581-1c73-425d-81ce-b2dceae26a91;Mairie d'Ivry;1;;;Pierre et Marie Curie;;48,81109919770;2,38355147965
1910;a7378aa1-6fea-4a6d-bfb6-75e379e66bf2;M7;Le Kremlin - Bicêtre;0b14e413-a0b1-45fb-8170-a7d50d4b6461/5749252d-700f-4976-bf15-754b7909451c;Le Kremlin - Bicêtre;1;;;Maison Blanche / Villejuif - Léo Lagrange;;48,81012995730;2,36226338713
1920;5749252d-700f-4976-bf15-754b7909451c;M7;Villejuif - Léo Lagrange;a7378aa1-6fea-4a6d-bfb6-75e379e66bf2/1532119f-7f5e-423c-a2f7-db0e6b4e8e4c;Villejuif - Léo Lagrange;1;;;Le Kremlin - Bicêtre / Villejuif - Paul Vaillant-Couturier;;48,80468812090;2,36395319660
1930;1532119f-7f5e-423c-a2f7-db0e6b4e8e4c;M7;Villejuif - Paul Vaillant-Couturier;5749252d-700f-4976-bf15-754b7909451c/c70516f4-ea24-4cd6-8270-293358f1350b;Villejuif - Paul Vaillant-Couturier;1;;;Villejuif - Léo Lagrange / Villejuif - Louis Aragon;;48,79648308280;2,36826954143
1940;c70516f4-ea24-4cd6-8270-293358f1350b;M7;Villejuif - Louis Aragon;1532119f-7f5e-423c-a2f7-db0e6b4e8e4c;Villejuif - Louis Aragon;1;;;Villejuif - Paul Vaillant-Couturier;;48,78756279210;2,36780410698
1950;e7bab5a6-d571-4233-8abb-568b0a0df76b;M7BIS;Louis Blanc;132489eb-4061-402f-9ba5-50755201633c;Louis Blanc;2;5e36d407-7375-4399-8286-2438214f9725;;Jaurès;Louis Blanc;48,88140473220;2,36521878185
1960;132489eb-4061-402f-9ba5-50755201633c;M7BIS;Jaurès;e7bab5a6-d571-4233-8abb-568b0a0df76b/f2854df6-abe0-49f1-bccf-43596611bae5;Jaurès;3;c7a97b27-235c-4a4a-bfba-f9ca4f4501bc/d42d11c4-1641-4bb3-88ff-c40ad18b9089;;Louis Blanc / Bolivar;Jaurès / Jaurès;48,88246524560;2,37015796174
1970;f2854df6-abe0-49f1-bccf-43596611bae5;M7BIS;Bolivar;132489eb-4061-402f-9ba5-50755201633c/bd60d06b-6e24-4bc6-a61d-7cb42140cfb9;Bolivar;1;;;Jaurès / Buttes Chaumont;;48,88082126140;2,37414715384
1980;bd60d06b-6e24-4bc6-a61d-7cb42140cfb9;M7BIS;Buttes Chaumont;f2854df6-abe0-49f1-bccf-43596611bae5/4bbb64d2-55cb-4576-b70c-3777b789dd03;Buttes Chaumont;1;;;Bolivar / Botzaris;;48,87851411310;2,38161451194
1990;4bbb64d2-55cb-4576-b70c-3777b789dd03;M7BIS;Botzaris;bd60d06b-6e24-4bc6-a61d-7cb42140cfb9/5cbb007d-8b80-4788-999d-d285d54ba325/b0159fb7-cc52-43e7-92e9-c4b3d21f2b92;Botzaris;1;;;Buttes Chaumont / Danube / Place des Fêtes;;48,87948177190;2,38911580738
2000;5cbb007d-8b80-4788-999d-d285d54ba325;M7BIS;Danube;4bbb64d2-55cb-4576-b70c-3777b789dd03/98f2d262-eeea-4515-808a-db431fa208bc;Danube;1;;;Botzaris / Pré Saint-Gervais;;48,88193199870;2,39344545649
2010;b0159fb7-cc52-43e7-92e9-c4b3d21f2b92;M7BIS;Place des Fêtes;98f2d262-eeea-4515-808a-db431fa208bc/4bbb64d2-55cb-4576-b70c-3777b789dd03;Place des Fêtes;2;f327c7c3-fd0f-498d-9955-fc5767c24166;;Pré Saint-Gervais / Botzaris;Place des Fêtes;48,87694984810;2,39298396482
2020;98f2d262-eeea-4515-808a-db431fa208bc;M7BIS;Pré Saint-Gervais;b0159fb7-cc52-43e7-92e9-c4b3d21f2b92/5cbb007d-8b80-4788-999d-d285d54ba325;Pré Saint-Gervais;1;;;Place des Fêtes / Danube;;48,87999579440;2,39894666246
2030;0a5ea39e-e669-4770-be27-651690edd9d9;M8;Balard;f5335d21-d7ad-4ab9-bc63-86d5cbb0e474;Balard;1;;;Lourmet;;48,83593087920;2,27816167128
2040;f5335d21-d7ad-4ab9-bc63-86d5cbb0e474;M8;Lourmet;0a5ea39e-e669-4770-be27-651690edd9d9/98eb1899-bebf-4241-800b-2d3574733c8a;Lourmet;1;;;Balard / Bousicaut;;48,83896093940;2,28270002724
2050;98eb1899-bebf-4241-800b-2d3574733c8a;M8;Bousicaut;f5335d21-d7ad-4ab9-bc63-86d5cbb0e474/7b4d56f3-471d-40c9-bed7-52f6eba01b6c;Bousicaut;1;;;Lourmet / Félix Faure;;48,84109405630;2,28794576650
2060;7b4d56f3-471d-40c9-bed7-52f6eba01b6c;M8;Félix Faure;98eb1899-bebf-4241-800b-2d3574733c8a/ce409036-a084-4365-8f0a-b0cb0520d077;Félix Faure;1;;;Bousicaut / Commerce;;48,84274677980;2,29191241332
2070;ce409036-a084-4365-8f0a-b0cb0520d077;M8;Commerce;7b4d56f3-471d-40c9-bed7-52f6eba01b6c/418bdc65-4b7d-443f-a024-1200bc1b5557;Commerce;1;;;Félix Faure / La Motte-Piquet - Grenelle;;48,84479476460;2,29395196364
2080;418bdc65-4b7d-443f-a024-1200bc1b5557;M8;La Motte-Piquet - Grenelle;ce409036-a084-4365-8f0a-b0cb0520d077/605879b3-3e75-486a-8d99-7e6a6614809b;La Motte-Piquet - Grenelle;3;43cb2e8d-a03c-4539-975d-48113a7dc1fb/418bdc65-4b7d-443f-a024-1200bc1b5557;;Commerce / Ecole Militaire;La Motte-Piquet - Grenelle / La Motte-Piquet - Grenelle;48,84935055360;2,29830140173
2090;605879b3-3e75-486a-8d99-7e6a6614809b;M8;Ecole Militaire;418bdc65-4b7d-443f-a024-1200bc1b5557/d2b3b690-3816-4b8c-aa62-24917648d62d;Ecole Militaire;1;;;La Motte-Piquet - Grenelle / La Tour-Maubourg;;48,85468215690;2,30609740370
2100;d2b3b690-3816-4b8c-aa62-24917648d62d;M8;La Tour-Maubourg;605879b3-3e75-486a-8d99-7e6a6614809b/d522db49-61de-402c-a168-0f16bfcf8e8f;La Tour-Maubourg;1;;;Ecole Militaire / Invalides;;48,85772541290;2,31056596095
2110;d522db49-61de-402c-a168-0f16bfcf8e8f;M8;Invalides;d2b3b690-3816-4b8c-aa62-24917648d62d/39cd89b6-2ed3-4ef5-ac7c-e5903f131c96;Invalides;2;a08250b1-c397-4629-b8da-815f942f38d9;;La Tour-Maubourg / Concorde;Invalides;48,86232532910;2,31513843219
2120;39cd89b6-2ed3-4ef5-ac7c-e5903f131c96;M8;Concorde;d522db49-61de-402c-a168-0f16bfcf8e8f/ea285362-8547-46d3-9477-931b470d0f79;Concorde;3;977af1c5-4d39-4406-82a5-c1e811c51410/52b3674d-e0dd-4997-ac4d-149e2874e0f9;;Invalides / Madeleine;Concorde / Concorde;48,86681836900;2,32208284869
2130;ea285362-8547-46d3-9477-931b470d0f79;M8;Madeleine;39cd89b6-2ed3-4ef5-ac7c-e5903f131c96/6f37ba26-77e1-4105-8840-a3ca42c98c1e;Madeleine;3;ad8f3b37-7952-4a80-8c25-4f4a98604018/c7db3972-1b0b-4202-a9ef-1dcb33069525;;Concorde / Opéra;Madeleine / Madeleine;48,86963317300;2,32627227403
2140;6f37ba26-77e1-4105-8840-a3ca42c98c1e;M8;Opéra;ea285362-8547-46d3-9477-931b470d0f79/9935d16b-398e-4b71-81eb-c2fadd07a4ab;Opéra;3;7497e934-33d8-4143-ac73-b75e9841cc85/4e145214-f40c-4cf3-b4aa-76e0c987ff49;;Madeleine / Richelieu - Drouot;Opéra / Opéra;48,87064173230;2,33213859959
2150;9935d16b-398e-4b71-81eb-c2fadd07a4ab;M8;Richelieu - Drouot;6f37ba26-77e1-4105-8840-a3ca42c98c1e/d87b4a39-5067-4466-8765-23a177d692e5;Richelieu - Drouot;2;80c2301d-e86a-4d08-8a3e-a74718dd76bb;;Opéra / Grands Boulevards;Richelieu - Drouot;48,87178660210;2,33903054672
2160;d87b4a39-5067-4466-8765-23a177d692e5;M8;Grands Boulevards;9935d16b-398e-4b71-81eb-c2fadd07a4ab/bea4f9bd-c26b-47cf-b37d-b373220a32a4;Grands Boulevards;2;;;Richelieu - Drouot / Bonne Nouvelle;;48,87149773940;2,34315477308
2170;bea4f9bd-c26b-47cf-b37d-b373220a32a4;M8;Bonne Nouvelle;d87b4a39-5067-4466-8765-23a177d692e5/6014b488-6855-4d24-9291-e4a40fe4cde0;Bonne Nouvelle;2;;;Grands Boulevards / Strasbourg - Saint-Denis;;48,87016420090;2,35049797186
2180;6014b488-6855-4d24-9291-e4a40fe4cde0;M8;Strasbourg - Saint-Denis;bea4f9bd-c26b-47cf-b37d-b373220a32a4/b15b689a-f391-4a2c-8727-0073778518ed;Strasbourg - Saint-Denis;3;b72964b7-7ffb-4ca7-8729-baebb0b40c41/6014b488-6855-4d24-9291-e4a40fe4cde0;;Bonne Nouvelle / République;Strasbourg - Saint-Denis / Strasbourg - Saint-Denis;48,86922417170;2,35460379070
2190;b15b689a-f391-4a2c-8727-0073778518ed;M8;République;6014b488-6855-4d24-9291-e4a40fe4cde0/7006e1f8-4bc7-4f7c-9b72-1be9c3ebc47e;République;5;b02dedb1-5c12-4990-85a3-51b96860363d/01aec5d9-209a-454e-8f37-b877f74ffe8a/1616e4eb-50f4-4073-b7c4-ddf714264278/f1ad70bd-5d00-43df-8f2f-d403a99954e8;;Strasbourg - Saint-Denis / Filles du Calvaire;République / République / République / République;48,86715872530;2,36395783650
2200;7006e1f8-4bc7-4f7c-9b72-1be9c3ebc47e;M8;Filles du Calvaire;b15b689a-f391-4a2c-8727-0073778518ed/c3c94791-c81d-4bd0-aed8-dd858c1947ca;Filles du Calvaire;1;;;République / Saint-Sébastien - Froissart;;48,86325794500;2,36666109472
2210;c3c94791-c81d-4bd0-aed8-dd858c1947ca;M8;Saint-Sébastien - Froissart;7006e1f8-4bc7-4f7c-9b72-1be9c3ebc47e/0501d5fd-3876-4734-811c-81cfecf5be13;Saint-Sébastien - Froissart;1;;;Filles du Calvaire / Chemin Vert;;48,86116886550;2,36721086641
2220;0501d5fd-3876-4734-811c-81cfecf5be13;M8;Chemin Vert;c3c94791-c81d-4bd0-aed8-dd858c1947ca/453339c2-ccb9-482b-92aa-03e6b29e613d;Chemin Vert;1;;;Saint-Sébastien - Froissart / Bastille;;48,85742003750;2,36810829070
2230;453339c2-ccb9-482b-92aa-03e6b29e613d;M8;Bastille;0501d5fd-3876-4734-811c-81cfecf5be13/72d5c10b-eef1-4d6b-8764-568a4dfe57fe;Bastille;3;757a3621-4dda-4117-9888-7a836c6c3dd8/65c83b49-26fb-4371-ae38-8215908be7ff;;Chemin Vert / Ledru-Rollin;Bastille / Bastille;48,85343942760;2,36951356952
2240;72d5c10b-eef1-4d6b-8764-568a4dfe57fe;M8;Ledru-Rollin;453339c2-ccb9-482b-92aa-03e6b29e613d/169febff-1b63-44eb-978f-400f67d02125;Ledru-Rollin;1;;;Bastille / Faidherbe - Chaligny;;48,85127112640;2,37611877334
2250;169febff-1b63-44eb-978f-400f67d02125;M8;Faidherbe - Chaligny;72d5c10b-eef1-4d6b-8764-568a4dfe57fe/7645c3cc-86f7-4312-ba31-a2ebe9038ee3;Faidherbe - Chaligny;1;;;Ledru-Rollin / Reuilly - Diderot;;48,85017786190;2,38409221007
2260;7645c3cc-86f7-4312-ba31-a2ebe9038ee3;M8;Reuilly - Diderot;169febff-1b63-44eb-978f-400f67d02125/92f7d062-8188-48c2-a14b-e3472522efc1;Reuilly - Diderot;2;6bfcba0b-189f-414f-bc44-94413a02f3bd;;Faidherbe - Chaligny / Montgallet;Reuilly - Diderot;48,84712872130;2,38702524211
2270;92f7d062-8188-48c2-a14b-e3472522efc1;M8;Montgallet;7645c3cc-86f7-4312-ba31-a2ebe9038ee3/e35c326a-0b77-4b12-9da6-79789ce2a5c4;Montgallet;1;;;Reuilly - Diderot / Dausmenil;;48,84440867210;2,39007511282
2280;e35c326a-0b77-4b12-9da6-79789ce2a5c4;M8;Dausmenil;92f7d062-8188-48c2-a14b-e3472522efc1/08910f40-ddb5-40a7-884c-a2c9c7070054;Dausmenil;2;33efcd47-ecc6-4752-9e72-cefb278dc89e;;Montgallet / Michel Bizot;Dausmenil;48,83944542840;2,39618288645
2290;08910f40-ddb5-40a7-884c-a2c9c7070054;M8;Michel Bizot;e35c326a-0b77-4b12-9da6-79789ce2a5c4/a036f675-ab4d-4096-bfa2-de5c78d9e4f7;Michel Bizot;1;;;Dausmenil / Porte Dorée;;48,83711700700;2,40233316592
2300;a036f675-ab4d-4096-bfa2-de5c78d9e4f7;M8;Porte Dorée;08910f40-ddb5-40a7-884c-a2c9c7070054/a809871f-e266-43c2-baf3-133b134805f3;Porte Dorée;1;;;Michel Bizot / Porte de Charenton;;48,83478515810;2,40538321063
2310;a809871f-e266-43c2-baf3-133b134805f3;M8;Porte de Charenton;a036f675-ab4d-4096-bfa2-de5c78d9e4f7/76ce7521-778e-4a8c-b8ac-38c7d2bef55d;Porte de Charenton;1;;;Porte Dorée / Liberté;;48,83316292950;2,40144805422
2320;76ce7521-778e-4a8c-b8ac-38c7d2bef55d;M8;Liberté;a809871f-e266-43c2-baf3-133b134805f3/b20e640f-c2e3-4ed8-9a06-6aef2dfca451;Liberté;1;;;Porte de Charenton / Charenton - Ecoles;;48,82605499650;2,40674222593
2330;b20e640f-c2e3-4ed8-9a06-6aef2dfca451;M8;Charenton - Ecoles;76ce7521-778e-4a8c-b8ac-38c7d2bef55d/594e152f-840b-454b-a5de-ebc570d55d06;Charenton - Ecoles;1;;;Liberté / Ecole Vétérinaire de Maison-Alfort;;48,82159576730;2,41373751752
2340;594e152f-840b-454b-a5de-ebc570d55d06;M8;Ecole Vétérinaire de Maison-Alfort;b20e640f-c2e3-4ed8-9a06-6aef2dfca451/a167312b-b88b-47a3-8f6f-925b3a70d6a7;Ecole Vétérinaire de Maison-Alfort;1;;;Charenton - Ecoles / Maison-Alfort - Stade;;48,81480300700;2,42237614285
2350;a167312b-b88b-47a3-8f6f-925b3a70d6a7;M8;Maison-Alfort - Stade;594e152f-840b-454b-a5de-ebc570d55d06/19584eb2-62ad-4fe3-bac1-22af2eb5a679;Maison-Alfort - Stade;1;;;Ecole Vétérinaire de Maison-Alfort / Maison-Alfort - Les Juilliotes;;48,80914436090;2,43450989593
2360;19584eb2-62ad-4fe3-bac1-22af2eb5a679;M8;Maison-Alfort - Les Juilliotes;a167312b-b88b-47a3-8f6f-925b3a70d6a7/fed166b5-d6b1-44bd-9e24-1d23da0e12a5;Maison-Alfort - Les Juilliotes;1;;;Maison-Alfort - Stade / Créteil - L'Echat;;48,80263769070;2,44692748424
2370;fed166b5-d6b1-44bd-9e24-1d23da0e12a5;M8;Créteil - L'Echat;19584eb2-62ad-4fe3-bac1-22af2eb5a679/4d5c04fa-e4c0-4163-b408-8c4230a32d5a;Créteil - L'Echat;1;;;Maison-Alfort - Les Juilliotes / Créteil - Université;;48,79674076660;2,44943317569
2380;4d5c04fa-e4c0-4163-b408-8c4230a32d5a;M8;Créteil - Université;fed166b5-d6b1-44bd-9e24-1d23da0e12a5/8ce7ebbc-6abe-4f49-a278-702a0443370c;Créteil - Université;1;;;Créteil - L'Echat / Créteil - Préfecture;;48,78997831030;2,45045317792
2390;8ce7ebbc-6abe-4f49-a278-702a0443370c;M8;Créteil - Préfecture;4d5c04fa-e4c0-4163-b408-8c4230a32d5a/a3093a0a-b2c1-4bbf-9aed-295215cbf8f2;Créteil - Préfecture;1;;;Créteil - Université / Pointe du Lac;;48,77990531700;2,45936839626
2400;a3093a0a-b2c1-4bbf-9aed-295215cbf8f2;M8;Pointe du Lac;8ce7ebbc-6abe-4f49-a278-702a0443370c;Pointe du Lac;1;;;Créteil - Préfecture;;48,76871512530;2,46456499321
2410;97b91d0e-3882-41d3-bdbb-ce8cb50144f0;M9;Pont de Sèvres;13c41adc-2502-4b2f-b7bd-d76360664528;Pont de Sèvres;1;;;Billancourt;;48,82967484380;2,23079959132
2420;13c41adc-2502-4b2f-b7bd-d76360664528;M9;Billancourt;97b91d0e-3882-41d3-bdbb-ce8cb50144f0/1feb8620-6d9d-4cc2-bef7-79a24eff8bfc;Billancourt;1;;;Pont de Sèvres / Marcel Sambat;;48,83211056010;2,23863934858
2430;1feb8620-6d9d-4cc2-bef7-79a24eff8bfc;M9;Marcel Sambat;13c41adc-2502-4b2f-b7bd-d76360664528/a19bb1ed-5164-4a3e-82e2-8736b844d6b6;Marcel Sambat;1;;;Billancourt / Porte de Saint-Cloud;;48,83370884910;2,24384059238
2440;a19bb1ed-5164-4a3e-82e2-8736b844d6b6;M9;Porte de Saint-Cloud;1feb8620-6d9d-4cc2-bef7-79a24eff8bfc/94d12ccc-31a5-4da4-9ed4-44da0588947a;Porte de Saint-Cloud;1;;;Marcel Sambat / Exelmans;;48,83796121350;2,25712222985
2450;94d12ccc-31a5-4da4-9ed4-44da0588947a;M9;Exelmans;a19bb1ed-5164-4a3e-82e2-8736b844d6b6/f3aab47b-024e-4644-b9dd-058a089c2a76;Exelmans;1;;;Porte de Saint-Cloud / Michel-Ange - Molitor;;48,84293869590;2,26003290221
2460;f3aab47b-024e-4644-b9dd-058a089c2a76;M9;Michel-Ange - Molitor;94d12ccc-31a5-4da4-9ed4-44da0588947a/a95f7f34-baa5-49a5-96e4-7dd6b16aaa8b;Michel-Ange - Molitor;2;3ab35ee9-604d-4eac-a941-29c2c867f53d;;Exelmans / Michel-Ange - Auteil;Michel-Ange - Molitor;48,84505817230;2,26174512496
2470;a95f7f34-baa5-49a5-96e4-7dd6b16aaa8b;M9;Michel-Ange - Auteil;f3aab47b-024e-4644-b9dd-058a089c2a76/3239b99f-00a4-4ecb-8722-702ad5470a2f;Michel-Ange - Auteil;2;b88c58c3-b9ad-4f01-a810-403dfdcff170;;Michel-Ange - Molitor / Jasmin;Michel-Ange - Auteil;48,84789565020;2,26408203075
2480;3239b99f-00a4-4ecb-8722-702ad5470a2f;M9;Jasmin;a95f7f34-baa5-49a5-96e4-7dd6b16aaa8b/cd9992f4-dfd1-46f3-aaad-28c9c54f0ed3;Jasmin;1;;;Michel-Ange - Auteil / Ranelagh;;48,85250409060;2,26817674944
2490;cd9992f4-dfd1-46f3-aaad-28c9c54f0ed3;M9;Ranelagh;3239b99f-00a4-4ecb-8722-702ad5470a2f/62182295-a2c2-4829-bd4b-ad7d28fa8398;Ranelagh;1;;;Jasmin / La Muette;;48,85548505040;2,27010913894
2500;62182295-a2c2-4829-bd4b-ad7d28fa8398;M9;La Muette;cd9992f4-dfd1-46f3-aaad-28c9c54f0ed3/7a08b690-4780-4b6d-b7ef-6f44ee94ed9a;La Muette;1;;;Ranelagh / Rue de la Pompe;;48,85804605630;2,27415463109
2510;7a08b690-4780-4b6d-b7ef-6f44ee94ed9a;M9;Rue de la Pompe;62182295-a2c2-4829-bd4b-ad7d28fa8398/00419aee-1c76-4f1e-bda0-e0e3eac65898;Rue de la Pompe;1;;;La Muette / Trocadéro;;48,86397444580;2,27811255845
2520;00419aee-1c76-4f1e-bda0-e0e3eac65898;M9;Trocadéro;7a08b690-4780-4b6d-b7ef-6f44ee94ed9a/ae753c7a-8e67-409a-97fc-0a2ab4a66b63;Trocadéro;2;031acf11-25b2-4a06-98b4-5cfe7347daf1;;Rue de la Pompe / Iéna;Trocadéro;48,86306502020;2,28624317069
2530;ae753c7a-8e67-409a-97fc-0a2ab4a66b63;M9;Iéna;00419aee-1c76-4f1e-bda0-e0e3eac65898/ef8e5821-f769-443a-a146-345e709cf109;Iéna;1;;;Trocadéro / Alma - Marceau;;48,86479406580;2,29416201811
2540;ef8e5821-f769-443a-a146-345e709cf109;M9;Alma - Marceau;ae753c7a-8e67-409a-97fc-0a2ab4a66b63/833f96c2-0da1-47b2-a6f6-9c1e50dcc47d;Alma - Marceau;1;;;Iéna / Franklin D. Roosevelt;;48,86476684500;2,30099100350
2550;833f96c2-0da1-47b2-a6f6-9c1e50dcc47d;M9;Franklin D. Roosevelt;ef8e5821-f769-443a-a146-345e709cf109/e841c0c0-7b2a-4da9-9779-06f0c99a7b07;Franklin D. Roosevelt;2;b9d1c704-532d-44b1-934c-99df09c84323;;Alma - Marceau / Saint-Philippe-du-Roule;Franklin D. Roosevelt;48,86869984740;2,30950515734
2560;e841c0c0-7b2a-4da9-9779-06f0c99a7b07;M9;Saint-Philippe-du-Roule;833f96c2-0da1-47b2-a6f6-9c1e50dcc47d/47bf9b32-5909-4fd3-9608-5ee76110a305;Saint-Philippe-du-Roule;1;;;Franklin D. Roosevelt / Miromesnil;;48,87242238370;2,31003834462
2570;47bf9b32-5909-4fd3-9608-5ee76110a305;M9;Miromesnil;e841c0c0-7b2a-4da9-9779-06f0c99a7b07/9acb92c2-faac-4d7d-a10d-2c54b3cf3cc9;Miromesnil;2;463ebbb5-4290-48dc-b2c9-333c4f007b62;;Saint-Philippe-du-Roule / Havre - Caumartin;Miromesnil;48,87370952770;2,31460632162
2580;9acb92c2-faac-4d7d-a10d-2c54b3cf3cc9;M9;Havre - Caumartin;47bf9b32-5909-4fd3-9608-5ee76110a305/63537095-223a-42b6-8a26-1e2ad70aa283;Havre - Caumartin;2;5560ad51-630a-4c94-9a96-fe45637e19d0;;Miromesnil / Saint-Augustin;Havre - Caumartin;48,87371340670;2,32769540963
2590;63537095-223a-42b6-8a26-1e2ad70aa283;M9;Saint-Augustin;9acb92c2-faac-4d7d-a10d-2c54b3cf3cc9/ec6e5c91-fccf-4c94-a5fc-5f5f25d8594d;Saint-Augustin;1;0848372f-263b-4116-9575-b66a8eeb6ec3;;Havre - Caumartin / Chaussée d'Antin - La Fayette;Rue des Boules;48,87455838470;2,32136192810
2600;ec6e5c91-fccf-4c94-a5fc-5f5f25d8594d;M9;Chaussée d'Antin - La Fayette;63537095-223a-42b6-8a26-1e2ad70aa283/80c2301d-e86a-4d08-8a3e-a74718dd76bb;Chaussée d'Antin - La Fayette;2;817870c1-d954-41de-926c-72dd4c8e4eeb;;Saint-Augustin / Richelieu - Drouot;Chaussée d'Antin - La Fayette;48,87293765770;2,33347913185
2610;80c2301d-e86a-4d08-8a3e-a74718dd76bb;M9;Richelieu - Drouot;ec6e5c91-fccf-4c94-a5fc-5f5f25d8594d/98957eff-0f88-46ef-b5a9-da35963b9b82;Richelieu - Drouot;2;9935d16b-398e-4b71-81eb-c2fadd07a4ab;;Chaussée d'Antin - La Fayette / Grands Boulevards;Richelieu - Drouot;48,87215235260;2,33911503927
2620;98957eff-0f88-46ef-b5a9-da35963b9b82;M9;Grands Boulevards;80c2301d-e86a-4d08-8a3e-a74718dd76bb/65ebc1f8-2355-4dbd-997d-5c060dcb3773;Grands Boulevards;2;;;Richelieu - Drouot / Bonne Nouvelle;;48,87149773940;2,34315477308
2630;65ebc1f8-2355-4dbd-997d-5c060dcb3773;M9;Bonne Nouvelle;98957eff-0f88-46ef-b5a9-da35963b9b82/e7e5d05f-8f22-433a-8219-791a337d4bef;Bonne Nouvelle;2;;;Grands Boulevards / Strasbourg - Saint-Denis;;48,87016420090;2,35049797186
2640;e7e5d05f-8f22-433a-8219-791a337d4bef;M9;Strasbourg - Saint-Denis;65ebc1f8-2355-4dbd-997d-5c060dcb3773/1616e4eb-50f4-4073-b7c4-ddf714264278;Strasbourg - Saint-Denis;3;b72964b7-7ffb-4ca7-8729-baebb0b40c41/6014b488-6855-4d24-9291-e4a40fe4cde0;;Bonne Nouvelle / République;Strasbourg - Saint-Denis / Strasbourg - Saint-Denis;48,86922417170;2,35460379070
2650;1616e4eb-50f4-4073-b7c4-ddf714264278;M9;République;e7e5d05f-8f22-433a-8219-791a337d4bef/62e62d2c-89c1-4d2a-b35f-da04b9e79a2c;République;5;b02dedb1-5c12-4990-85a3-51b96860363d/01aec5d9-209a-454e-8f37-b877f74ffe8a/b15b689a-f391-4a2c-8727-0073778518ed/f1ad70bd-5d00-43df-8f2f-d403a99954e8;;Strasbourg - Saint-Denis / Oberkampf;République / République / République / République;48,86711163860;2,36423494565
2660;62e62d2c-89c1-4d2a-b35f-da04b9e79a2c;M9;Oberkampf;1616e4eb-50f4-4073-b7c4-ddf714264278/fdb60f78-1eac-43e7-a8b0-5cd6845e3843;Oberkampf;2;93a26e42-56a8-4918-8c8f-70e7982935be;;République / Saint-Ambroise;Oberkampf;48,86472762070;2,36849638711
2670;fdb60f78-1eac-43e7-a8b0-5cd6845e3843;M9;Saint-Ambroise;62e62d2c-89c1-4d2a-b35f-da04b9e79a2c/a1e61df2-3e6e-4ad7-b4e2-583a7c0e77f6;Saint-Ambroise;1;;;Oberkampf / Voltaire;;48,86101925990;2,37473343128
2680;a1e61df2-3e6e-4ad7-b4e2-583a7c0e77f6;M9;Voltaire;fdb60f78-1eac-43e7-a8b0-5cd6845e3843/44ab4ba5-6853-430e-8431-e13df403753a;Voltaire;1;;;Saint-Ambroise / Charonne;;48,85745372270;2,38071878586
2690;44ab4ba5-6853-430e-8431-e13df403753a;M9;Charonne;a1e61df2-3e6e-4ad7-b4e2-583a7c0e77f6/0848372f-263b-4116-9575-b66a8eeb6ec3;Charonne;1;;;Voltaire / Rue des Boules;;48,85458049910;2,38556348082
2700;0848372f-263b-4116-9575-b66a8eeb6ec3;M9;Rue des Boules;44ab4ba5-6853-430e-8431-e13df403753a/68cf43b0-06f8-4a86-a6fd-2bdaffc8f49f;Rue des Boules;1;;;Charonne / Nation;;48,85231542740;2,38937812792
2710;68cf43b0-06f8-4a86-a6fd-2bdaffc8f49f;M9;Nation;0848372f-263b-4116-9575-b66a8eeb6ec3/6df8b304-fd48-45d0-9b4f-1ea7f1987c3c;Nation;4;3fe3b2e7-bc78-42b7-aee2-d9e24a170873/a1acd0b7-df11-4b1f-b234-f22cc3494994/ae68412a-5504-4d74-8d80-1e7e95a44d9f;;Rue des Boules / Buzenval;Nation / Nation / Nation;48,84894464510;2,39587943519
2720;6df8b304-fd48-45d0-9b4f-1ea7f1987c3c;M9;Buzenval;68cf43b0-06f8-4a86-a6fd-2bdaffc8f49f/b89c5ac6-45be-483f-99be-bfb9fa5f5bce;Buzenval;1;;;Nation / Maraîchers;;48,85181213300;2,40102227052
2730;b89c5ac6-45be-483f-99be-bfb9fa5f5bce;M9;Maraîchers;6df8b304-fd48-45d0-9b4f-1ea7f1987c3c/b19203ad-f4b6-42fd-84fb-f26468121b72;Maraîchers;1;;;Buzenval / Porte de Montreuil;;48,85272511930;2,40608916188
2740;b19203ad-f4b6-42fd-84fb-f26468121b72;M9;Porte de Montreuil;b89c5ac6-45be-483f-99be-bfb9fa5f5bce/c5cb5cd6-902b-4a9d-a059-18d679aa9f7f;Porte de Montreuil;1;;;Maraîchers / Robespierre;;48,85354391610;2,41062642574
2750;c5cb5cd6-902b-4a9d-a059-18d679aa9f7f;M9;Robespierre;b19203ad-f4b6-42fd-84fb-f26468121b72/28fe3626-46ca-4281-a3f9-d72de91f8be6;Robespierre;1;;;Porte de Montreuil / Croix de Chavaux;;48,85572642860;2,42298321615
2760;28fe3626-46ca-4281-a3f9-d72de91f8be6;M9;Croix de Chavaux;c5cb5cd6-902b-4a9d-a059-18d679aa9f7f/b91afbc5-7932-45ce-8662-1a47faaacbab;Croix de Chavaux;1;;;Robespierre / Mairie de Montreuil;;48,85796559120;2,43555571569
2770;b91afbc5-7932-45ce-8662-1a47faaacbab;M9;Mairie de Montreuil;28fe3626-46ca-4281-a3f9-d72de91f8be6;Mairie de Montreuil;1;;;Croix de Chavaux;;48,86193691410;2,44131094125
2780;63544981-bb7c-4209-bea7-102072fedbc2;M10;Boulogne - Pont de Saint-Cloud;50e043bb-43cd-41a3-927c-2fb4b82bf83d;Boulogne - Pont de Saint-Cloud;1;;;Boulogne - Jean Jaurès;;48,84074501520;2,22853698150
2790;50e043bb-43cd-41a3-927c-2fb4b82bf83d;M10;Boulogne - Jean Jaurès;63544981-bb7c-4209-bea7-102072fedbc2/aed0b90e-658e-4f41-8daf-163dd961de57/3ab35ee9-604d-4eac-a941-29c2c867f53d;Boulogne - Jean Jaurès;1;;;Boulogne - Pont de Saint-Cloud / Porte d'Auteil / Michel-Ange - Molitor;;48,84200534730;2,23888732579
2800;aed0b90e-658e-4f41-8daf-163dd961de57;M10;Porte d'Auteil;50e043bb-43cd-41a3-927c-2fb4b82bf83d/b88c58c3-b9ad-4f01-a810-403dfdcff170;Porte d'Auteil;1;;;Boulogne - Jean Jaurès / Michel-Ange - Auteil;;48,84797154060;2,25774468038
2810;b88c58c3-b9ad-4f01-a810-403dfdcff170;M10;Michel-Ange - Auteil;aed0b90e-658e-4f41-8daf-163dd961de57/50d08b2a-2260-4b57-9999-de955b44c36c;Michel-Ange - Auteil;2;a95f7f34-baa5-49a5-96e4-7dd6b16aaa8b;;Porte d'Auteil / Eglise d'Auteil;Michel-Ange - Auteil;48,84793480790;2,26421877705
2820;50d08b2a-2260-4b57-9999-de955b44c36c;M10;Eglise d'Auteil;b88c58c3-b9ad-4f01-a810-403dfdcff170/9100a9b6-a5d0-4b72-a1de-76015ffd541e;Eglise d'Auteil;1;;;Michel-Ange - Auteil / Javel - André Citroën;;48,84715005570;2,26913587273
2830;3ab35ee9-604d-4eac-a941-29c2c867f53d;M10;Michel-Ange - Molitor;50e043bb-43cd-41a3-927c-2fb4b82bf83d/6366dff0-b4a0-4ba3-8124-6f38ec415484;Michel-Ange - Molitor;2;f3aab47b-024e-4644-b9dd-058a089c2a76;;Boulogne - Jean Jaurès / Chardon Lagache;Michel-Ange - Molitor;48,84524756550;2,26162349240
2840;6366dff0-b4a0-4ba3-8124-6f38ec415484;M10;Chardon Lagache;3ab35ee9-604d-4eac-a941-29c2c867f53d/7d3a8da5-cd04-43b4-9031-f96af785a084;Chardon Lagache;1;;;Michel-Ange - Molitor / Mirabeau;;48,84520470360;2,26644154308
2850;7d3a8da5-cd04-43b4-9031-f96af785a084;M10;Mirabeau;6366dff0-b4a0-4ba3-8124-6f38ec415484/9100a9b6-a5d0-4b72-a1de-76015ffd541e;Mirabeau;1;;;Chardon Lagache / Javel - André Citroën;;48,84713100820;2,27276375332
2860;9100a9b6-a5d0-4b72-a1de-76015ffd541e;M10;Javel - André Citroën;7d3a8da5-cd04-43b4-9031-f96af785a084/50d08b2a-2260-4b57-9999-de955b44c36c/31491e7d-de5f-486d-8cb2-538c20c78908;Javel - André Citroën;1;;;Mirabeau / Eglise d'Auteil / Charles Michels;;48,84612366690;2,27771173983
2870;31491e7d-de5f-486d-8cb2-538c20c78908;M10;Charles Michels;9100a9b6-a5d0-4b72-a1de-76015ffd541e/b6a9f9f6-aae2-4aa6-90b2-d1480f268655;Charles Michels;1;;;Javel - André Citroën / Avenue Emise-Zola;;48,84653463670;2,28599922342
2880;b6a9f9f6-aae2-4aa6-90b2-d1480f268655;M10;Avenue Emise-Zola;31491e7d-de5f-486d-8cb2-538c20c78908/738f1322-411b-4cf5-a367-1ba41f472b1f;Avenue Emise-Zola;1;;;Charles Michels / La Motte-Piquet - Grenelle;;48,84701958190;2,29542047803
2890;738f1322-411b-4cf5-a367-1ba41f472b1f;M10;La Motte-Piquet - Grenelle;b6a9f9f6-aae2-4aa6-90b2-d1480f268655/40f7c26a-32f5-4347-b52f-e2590c5309c0;La Motte-Piquet - Grenelle;3;43cb2e8d-a03c-4539-975d-48113a7dc1fb/738f1322-411b-4cf5-a367-1ba41f472b1f;;Avenue Emise-Zola / Ségur;La Motte-Piquet - Grenelle / La Motte-Piquet - Grenelle;48,84935055360;2,29830140173
2900;40f7c26a-32f5-4347-b52f-e2590c5309c0;M10;Ségur;738f1322-411b-4cf5-a367-1ba41f472b1f/e7a1d7d5-cc67-4779-8966-6459923b20ab;Ségur;1;;;La Motte-Piquet - Grenelle / Duroc;;48,84706613320;2,30740224062
2910;e7a1d7d5-cc67-4779-8966-6459923b20ab;M10;Duroc;40f7c26a-32f5-4347-b52f-e2590c5309c0/dd85eee2-fac8-4e34-b28b-675745f03dcf;Duroc;2;8d12cf08-e2a9-4127-baec-01b3d1a1a216;;Ségur / Vaneau;Duroc;48,84698910610;2,31700523574
2920;dd85eee2-fac8-4e34-b28b-675745f03dcf;M10;Vaneau;e7a1d7d5-cc67-4779-8966-6459923b20ab/7dd56423-1d0e-48be-a157-d20a8a363f73;Vaneau;1;;;Duroc / Sèvres - Babylone;;48,84881637250;2,32125786291
2930;7dd56423-1d0e-48be-a157-d20a8a363f73;M10;Sèvres - Babylone;dd85eee2-fac8-4e34-b28b-675745f03dcf/00c3130b-1af0-4ee8-a111-913dba77c1a0;Sèvres - Babylone;2;34e3b10f-a0b2-47fb-859f-726999a23ea2;;Vaneau / Mabillon;Sèvres - Babylone;48,85119234930;2,32648847397
2940;00c3130b-1af0-4ee8-a111-913dba77c1a0;M10;Mabillon;7dd56423-1d0e-48be-a157-d20a8a363f73/02040ce7-ca49-4639-8f91-54f65df79ee7;Mabillon;1;;;Sèvres - Babylone / Odéon;;48,85301676790;2,33550205309
2950;02040ce7-ca49-4639-8f91-54f65df79ee7;M10;Odéon;00c3130b-1af0-4ee8-a111-913dba77c1a0/0ac00d16-b248-455d-b8b7-ca38205c13c8;Odéon;2;6f0be043-8753-47a5-af4e-873682e9e557;;Mabillon / Cluny - La Sorbonne;Odéon;48,85216726110;2,33964633593
2960;0ac00d16-b248-455d-b8b7-ca38205c13c8;M10;Cluny - La Sorbonne;02040ce7-ca49-4639-8f91-54f65df79ee7/210f6272-d028-4394-9f3b-151ceca81043;Cluny - La Sorbonne;1;;;Odéon / Maubert - Mutualité;;48,85105028230;2,34427334542
2970;210f6272-d028-4394-9f3b-151ceca81043;M10;Maubert - Mutualité;0ac00d16-b248-455d-b8b7-ca38205c13c8/496acafa-f128-499e-9df6-de4721da1c2b;Maubert - Mutualité;1;;;Cluny - La Sorbonne / Cardinal Lemoine;;48,85012732380;2,34805429048
2980;496acafa-f128-499e-9df6-de4721da1c2b;M10;Cardinal Lemoine;210f6272-d028-4394-9f3b-151ceca81043/3b879b61-66f0-458a-b736-cd6fe06b58a5;Cardinal Lemoine;1;;;Maubert - Mutualité / Jussieu;;48,84665685130;2,35162325638
2990;3b879b61-66f0-458a-b736-cd6fe06b58a5;M10;Jussieu;496acafa-f128-499e-9df6-de4721da1c2b/6429e188-69bb-4dc7-8b46-c704e72841b1;Jussieu;2;7069efeb-bc47-4edf-bda1-82d5f4787e58;;Cardinal Lemoine / Gare d'Austerlitz;Jussieu;48,84615112310;2,35491798370
3000;6429e188-69bb-4dc7-8b46-c704e72841b1;M10;Gare d'Austerlitz;3b879b61-66f0-458a-b736-cd6fe06b58a5;Gare d'Austerlitz;2;7e001018-784d-4f3b-ac17-a1c54b1d00b5;;Jussieu;Gare d'Austerlitz;48,84243679700;2,36518481200
3010;dbdbbb8b-724e-4cb7-af3f-a8d4094d0b87;M11;Châtelet;51b86454-e062-49fc-b7f8-784b20e66b71;Châtelet;5;241906bd-1a8a-460a-a00a-19ab1e7af0d9/c9afc5c0-8386-4ac7-ba16-b78795f4bc30/9046fec1-7211-4c22-bdc3-f28e5aff4f2a/22df1bb1-c6ab-4788-8194-fd97d494e025;;Hôtel de ville;Châtelet / Châtelet / Châtelet / Châtelet;48,85755635940;2,34830889513
3020;51b86454-e062-49fc-b7f8-784b20e66b71;M11;Hôtel de ville;dbdbbb8b-724e-4cb7-af3f-a8d4094d0b87/f75c89cf-60d4-49d0-9c7f-746a897b8ff1;Hôtel de ville;2;5732ca8b-23ee-47fb-9718-77d2f6b477c0;;Châtelet / Rambuteau;Hôtel de Ville;48,85745183260;2,35100846139
3030;f75c89cf-60d4-49d0-9c7f-746a897b8ff1;M11;Rambuteau;51b86454-e062-49fc-b7f8-784b20e66b71/67a9e5c5-145f-4912-9520-ba5b689b7785;Rambuteau;1;;;Hôtel de ville / Arts et Métiers;;48,86120499030;2,35349574013
3040;67a9e5c5-145f-4912-9520-ba5b689b7785;M11;Arts et Métiers;f75c89cf-60d4-49d0-9c7f-746a897b8ff1/f1ad70bd-5d00-43df-8f2f-d403a99954e8;Arts et Métiers;2;5320b8bf-cb2c-49cc-bfca-d8934dbf07a2;;Rambuteau / République;Arts et Métiers;48,86532271170;2,35672986917
3050;f1ad70bd-5d00-43df-8f2f-d403a99954e8;M11;République;67a9e5c5-145f-4912-9520-ba5b689b7785/4210c802-0926-44df-a4a3-150a0081b1aa;République;5;b02dedb1-5c12-4990-85a3-51b96860363d/01aec5d9-209a-454e-8f37-b877f74ffe8a/b15b689a-f391-4a2c-8727-0073778518ed/1616e4eb-50f4-4073-b7c4-ddf714264278;;Arts et Métiers / Goncourt;République / République / République / République;48,86750342380;2,36382614398
3060;4210c802-0926-44df-a4a3-150a0081b1aa;M11;Goncourt;f1ad70bd-5d00-43df-8f2f-d403a99954e8/0781e432-ee8b-4a7d-805d-6402004e8a85;Goncourt;1;;;République / Belleville;;48,86995751270;2,37109483973
3070;0781e432-ee8b-4a7d-805d-6402004e8a85;M11;Belleville;4210c802-0926-44df-a4a3-150a0081b1aa/ae3b3a1f-8fc7-490e-b87e-04e0ee595633;Belleville;2;eb12bfff-2545-4cc0-bd66-abcb3bdee780;;Goncourt / Pyrénées;Belleville;48,87184879380;2,37659368274
3080;ae3b3a1f-8fc7-490e-b87e-04e0ee595633;M11;Pyrénées;0781e432-ee8b-4a7d-805d-6402004e8a85/d86f7504-b630-4e13-91bc-a4396bb40a01;Pyrénées;1;;;Belleville / Jourdain;;48,87388185420;2,38531621510
3090;d86f7504-b630-4e13-91bc-a4396bb40a01;M11;Jourdain;ae3b3a1f-8fc7-490e-b87e-04e0ee595633/f327c7c3-fd0f-498d-9955-fc5767c24166;Jourdain;1;;;Pyrénées / Place des Fêtes;;48,87511181700;2,38941503204
3100;f327c7c3-fd0f-498d-9955-fc5767c24166;M11;Place des Fêtes;d86f7504-b630-4e13-91bc-a4396bb40a01/67d64876-9e73-4261-a091-9498c168fa6b;Place des Fêtes;2;b0159fb7-cc52-43e7-92e9-c4b3d21f2b92;;Jourdain / Télégraphe;Place des Fêtes;48,87680638920;2,39305609332
3110;67d64876-9e73-4261-a091-9498c168fa6b;M11;Télégraphe;f327c7c3-fd0f-498d-9955-fc5767c24166/2f7ffcbd-6ec8-47c7-951c-6e03298a828c;Télégraphe;1;;;Place des Fêtes / Porte des Lilas;;48,87547445670;2,39886759390
3120;2f7ffcbd-6ec8-47c7-951c-6e03298a828c;M11;Porte des Lilas;67d64876-9e73-4261-a091-9498c168fa6b/f919412c-bc73-4a31-af28-dcf96fdf5de3;Porte des Lilas;2;ed9de319-e425-4801-b53a-8e42740e5f4b;;Télégraphe / Mairie des Lilas;Porte des Lilas;48,87717481930;2,40648015700
3130;f919412c-bc73-4a31-af28-dcf96fdf5de3;M11;Mairie des Lilas;2f7ffcbd-6ec8-47c7-951c-6e03298a828c;Mairie des Lilas;1;;;Porte des Lilas;;48,87976125400;2,41647964367
3140;23d4d43e-f60c-4a5c-9adb-45b88cba4c61;M12;Front Populaire;29203577-26e0-4c0f-8968-e590c17c8c56;Front Populaire;1;;;Porte de la Chapelle;;48,90656714600;2,36592031940
3150;29203577-26e0-4c0f-8968-e590c17c8c56;M12;Porte de la Chapelle;23d4d43e-f60c-4a5c-9adb-45b88cba4c61/a9f5921b-636b-4aae-a36e-aaee08d66ae6;Porte de la Chapelle;1;;;Front Populaire / Marx Dormoy;;48,89724528810;2,35950786882
3160;a9f5921b-636b-4aae-a36e-aaee08d66ae6;M12;Marx Dormoy;29203577-26e0-4c0f-8968-e590c17c8c56/e8a7c66f-1db1-41fc-97a0-519752af401e;Marx Dormoy;1;;;Porte de la Chapelle / Marcadet - Poissonniers;;48,89048545380;2,35999576641
3170;e8a7c66f-1db1-41fc-97a0-519752af401e;M12;Marcadet - Poissonniers;a9f5921b-636b-4aae-a36e-aaee08d66ae6/f37a9c7c-c379-4820-97ef-c39c0d28d64c;Marcadet - Poissonniers;2;d1d23771-c86a-4e7b-9dbd-a035b2afa48a;;Marx Dormoy / Jules Joffrin;Marcadet - Poissonniers;48,89146500030;2,34981545185
3180;f37a9c7c-c379-4820-97ef-c39c0d28d64c;M12;Jules Joffrin;e8a7c66f-1db1-41fc-97a0-519752af401e/b6292394-33ed-4d42-99af-fc759816f47c;Jules Joffrin;1;;;Marcadet - Poissonniers / Lamarck - Caulaincourt;;48,89243959050;2,34465700413
3190;b6292394-33ed-4d42-99af-fc759816f47c;M12;Lamarck - Caulaincourt;f37a9c7c-c379-4820-97ef-c39c0d28d64c/7f8d6d80-c775-4d3e-8b40-968297a53ed8;Lamarck - Caulaincourt;1;;;Jules Joffrin / Abbesses;;48,88967407120;2,33876064920
3200;7f8d6d80-c775-4d3e-8b40-968297a53ed8;M12;Abbesses;b6292394-33ed-4d42-99af-fc759816f47c/8290b734-bb90-4c7a-9c3a-9926a5e25ff3;Abbesses;1;;;Lamarck - Caulaincourt / Pigalle;;48,88459420800;2,33794977706
3210;8290b734-bb90-4c7a-9c3a-9926a5e25ff3;M12;Pigalle;7f8d6d80-c775-4d3e-8b40-968297a53ed8/6b0bd413-e2b1-444b-b1c9-419640459c9b;Pigalle;2;fc51df3e-c34c-4ba4-bb3b-9596338beb13;;Abbesses / Saint-Georges;Pigalle;48,88251938560;2,33708168251
3220;6b0bd413-e2b1-444b-b1c9-419640459c9b;M12;Saint-Georges;8290b734-bb90-4c7a-9c3a-9926a5e25ff3/b4178126-b9be-48a5-9da9-4995be3d924e;Saint-Georges;1;;;Pigalle / Notre-Dame-de-Lorette;;48,87842525760;2,33759508282
3230;b4178126-b9be-48a5-9da9-4995be3d924e;M12;Notre-Dame-de-Lorette;6b0bd413-e2b1-444b-b1c9-419640459c9b/8a09c6fb-8dfd-4029-9c54-3dbd1de1dbe3;Notre-Dame-de-Lorette;1;;;Saint-Georges / Trinité - d'Estienne d'Orves;;48,87602621160;2,33788648907
3240;8a09c6fb-8dfd-4029-9c54-3dbd1de1dbe3;M12;Trinité - d'Estienne d'Orves;b4178126-b9be-48a5-9da9-4995be3d924e/c74b2c33-d410-4540-aa4b-6dca528df34b;Trinité - d'Estienne d'Orves;1;;;Notre-Dame-de-Lorette / Saint-Lazare;;48,87631796230;2,33254302730
3250;c74b2c33-d410-4540-aa4b-6dca528df34b;M12;Saint-Lazare;8a09c6fb-8dfd-4029-9c54-3dbd1de1dbe3/ad8f3b37-7952-4a80-8c25-4f4a98604018;Saint-Lazare;4;425b6d44-f26d-4521-b737-a8b577bc437d/0538c6d9-110e-4e78-95ea-c54f47c25e1d/a9e4878d-035a-467b-8715-75098d61b77d;;Trinité - d'Estienne d'Orves / Madeleine;Saint-Lazare / Saint-Lazare / Saint-Lazare;48,87545377050;2,32678520026
3260;ad8f3b37-7952-4a80-8c25-4f4a98604018;M12;Madeleine;c74b2c33-d410-4540-aa4b-6dca528df34b/52b3674d-e0dd-4997-ac4d-149e2874e0f9;Madeleine;3;ea285362-8547-46d3-9477-931b470d0f79/ad8f3b37-7952-4a80-8c25-4f4a98604018;;Saint-Lazare / Concorde;Madeleine / Madeleine;48,87009973280;2,32516410954
3270;52b3674d-e0dd-4997-ac4d-149e2874e0f9;M12;Concorde;ad8f3b37-7952-4a80-8c25-4f4a98604018/c9d4c0ba-ec0c-4707-9efe-06b988e4c967;Concorde;3;977af1c5-4d39-4406-82a5-c1e811c51410/39cd89b6-2ed3-4ef5-ac7c-e5903f131c96;;Madeleine / Assemblée nationale;Concorde / Concorde;48,86616711490;2,32317568086
3280;c9d4c0ba-ec0c-4707-9efe-06b988e4c967;M12;Assemblée nationale;52b3674d-e0dd-4997-ac4d-149e2874e0f9/c21253f0-3656-4e03-8a6f-d881b4602cf6;Assemblée nationale;1;;;Concorde / Solférino;;48,86078696350;2,32099819195
3290;c21253f0-3656-4e03-8a6f-d881b4602cf6;M12;Solférino;c9d4c0ba-ec0c-4707-9efe-06b988e4c967/d68d0af9-d830-4d79-966b-ff20ed103c5c;Solférino;1;;;Assemblée nationale / Rue du Bac;;48,85851112990;2,32315485584
3300;d68d0af9-d830-4d79-966b-ff20ed103c5c;M12;Rue du Bac;c21253f0-3656-4e03-8a6f-d881b4602cf6/34e3b10f-a0b2-47fb-859f-726999a23ea2;Rue du Bac;1;;;Solférino / Sèvres - Babylone;;48,85555094020;2,32571242217
3310;34e3b10f-a0b2-47fb-859f-726999a23ea2;M12;Sèvres - Babylone;d68d0af9-d830-4d79-966b-ff20ed103c5c/e8c03204-0343-4fc5-ad3f-c45cbf5ce11b;Sèvres - Babylone;2;7dd56423-1d0e-48be-a157-d20a8a363f73;;Rue du Bac / Rennes;Sèvres - Babylone;48,85176205250;2,32682256890
3320;e8c03204-0343-4fc5-ad3f-c45cbf5ce11b;M12;Rennes;34e3b10f-a0b2-47fb-859f-726999a23ea2/749f5b88-6fa2-4965-85ca-685b45f66e25;Rennes;1;;;Sèvres - Babylone / Notre-Dame-des-Champs;;48,84845784850;2,32778212715
3330;749f5b88-6fa2-4965-85ca-685b45f66e25;M12;Notre-Dame-des-Champs;e8c03204-0343-4fc5-ad3f-c45cbf5ce11b/56f37902-496a-4972-8020-d9013b6b1a63;Notre-Dame-des-Champs;1;;;Rennes / Montparnasse - Bienvenüe;;48,84494263250;2,32877802690
3340;56f37902-496a-4972-8020-d9013b6b1a63;M12;Montparnasse - Bienvenüe;749f5b88-6fa2-4965-85ca-685b45f66e25/2b37d9be-e1e2-433b-a78f-eea8f1e01ffd;Montparnasse - Bienvenüe;4;73c193b7-7eb9-41c3-b5e8-74f92bc20b8c/f4c3281c-5625-4317-8fac-0a7d2b566fc2/602f7ed3-bcf1-4286-a47c-258266973dde;;Notre-Dame-des-Champs / Falguière;Montparnasse - Bienvenüe / Montparnasse - Bienvenüe / Montparnasse - Bienvenüe;48,84373548930;2,32435304116
3350;2b37d9be-e1e2-433b-a78f-eea8f1e01ffd;M12;Falguière;56f37902-496a-4972-8020-d9013b6b1a63/7f4eee61-63d3-4585-bec2-9f50d878c46f;Falguière;1;;;Montparnasse - Bienvenüe / Pasteur;;48,84447014130;2,31785278304
3360;7f4eee61-63d3-4585-bec2-9f50d878c46f;M12;Pasteur;2b37d9be-e1e2-433b-a78f-eea8f1e01ffd/66ae66fd-d41c-445b-b949-446c507ab783;Pasteur;2;eaadd210-e039-48df-86fa-9f8d61a603d9;;Falguière / Volontaires;Pasteur;48,84287127500;2,31244751307
3370;66ae66fd-d41c-445b-b949-446c507ab783;M12;Volontaires;7f4eee61-63d3-4585-bec2-9f50d878c46f/b6c6c012-4d4a-442e-8229-1e085610d1ce;Volontaires;1;;;Pasteur / Vaugirard;;48,84150552240;2,30794867934
3380;b6c6c012-4d4a-442e-8229-1e085610d1ce;M12;Vaugirard;66ae66fd-d41c-445b-b949-446c507ab783/b8eb7c7e-f1a0-4cc2-a9c2-4e645968d298;Vaugirard;1;;;Volontaires / Convention;;48,83951658540;2,30110751488
3390;b8eb7c7e-f1a0-4cc2-a9c2-4e645968d298;M12;Convention;b6c6c012-4d4a-442e-8229-1e085610d1ce/a1d0c8bf-3d74-4bd4-8353-4908580d1d91;Convention;1;;;Vaugirard / Porte de Versailles;;48,83730749460;2,29663034323
3400;a1d0c8bf-3d74-4bd4-8353-4908580d1d91;M12;Porte de Versailles;b8eb7c7e-f1a0-4cc2-a9c2-4e645968d298/6b32d616-b653-4c28-8e36-87c8a5541940;Porte de Versailles;1;;;Convention / Corentin Celton;;48,83244909910;2,28802214110
3410;6b32d616-b653-4c28-8e36-87c8a5541940;M12;Corentin Celton;a1d0c8bf-3d74-4bd4-8353-4908580d1d91/fc879346-c702-422d-9ca0-d525a85dbc1c;Corentin Celton;1;;;Porte de Versailles / Mairie d'Issy;;48,82708544890;2,27941168205
3420;fc879346-c702-422d-9ca0-d525a85dbc1c;M12;Mairie d'Issy;6b32d616-b653-4c28-8e36-87c8a5541940;Mairie d'Issy;1;;;Corentin Celton;;48,82410503070;2,27304152514
3430;f6c0832c-5a37-47de-9809-664a8c4a3cb6;M13;Saint-Denis Université;1a8b84ed-371b-439e-a7b7-72c6a064d3c6;Saint-Denis Université;1;;;Basilique de Saint-Denis;;48,94584565780;2,36454176349
3440;1a8b84ed-371b-439e-a7b7-72c6a064d3c6;M13;Basilique de Saint-Denis;f6c0832c-5a37-47de-9809-664a8c4a3cb6/0b2dac6d-bb06-407a-815d-5b8b3d54e846;Basilique de Saint-Denis;1;;;Saint-Denis Université / Saint-Denis Porte de Paris;;48,93652685260;2,35939826103
3450;0b2dac6d-bb06-407a-815d-5b8b3d54e846;M13;Saint-Denis Porte de Paris;1a8b84ed-371b-439e-a7b7-72c6a064d3c6/03581468-f245-49d3-8681-cc1c5df8d34b;Saint-Denis Porte de Paris;1;;;Basilique de Saint-Denis / Carrefour Pleyel;;48,92993588970;2,35603579417
3460;03581468-f245-49d3-8681-cc1c5df8d34b;M13;Carrefour Pleyel;0b2dac6d-bb06-407a-815d-5b8b3d54e846/e91dc804-2da0-40ce-aea7-1f64f40ca129;Carrefour Pleyel;1;;;Saint-Denis Porte de Paris / Mairie de Saint-Ouen;;48,91957307410;2,34330593051
3470;e91dc804-2da0-40ce-aea7-1f64f40ca129;M13;Mairie de Saint-Ouen;03581468-f245-49d3-8681-cc1c5df8d34b/b03a3253-ea80-4ff6-9e63-d7d526bfa194;Mairie de Saint-Ouen;1;;;Carrefour Pleyel / Garibaldi;;48,91196489790;2,33392489048
3480;b03a3253-ea80-4ff6-9e63-d7d526bfa194;M13;Garibaldi;e91dc804-2da0-40ce-aea7-1f64f40ca129/7e5a1dd4-9b90-4989-b44a-6b35f8a13f14;Garibaldi;1;;;Mairie de Saint-Ouen / Porte de Saint-Ouen;;48,90609405020;2,33183083796
3490;7e5a1dd4-9b90-4989-b44a-6b35f8a13f14;M13;Porte de Saint-Ouen;b03a3253-ea80-4ff6-9e63-d7d526bfa194/6874ad8d-3d67-423b-b872-fd0093484c73;Porte de Saint-Ouen;1;;;Garibaldi / Guy Môquet;;48,89737479550;2,32894281278
3500;6874ad8d-3d67-423b-b872-fd0093484c73;M13;Guy Môquet;bb95460c-169a-4af7-915c-ca9ee0d5077f/7e5a1dd4-9b90-4989-b44a-6b35f8a13f14;Guy Môquet;1;;;La Fourche / Porte de Saint-Ouen;;48,89282885340;2,32742845850
3510;d6fdebfd-2ec5-4ee9-b778-6416efbb82fd;M13;Asnières Gennevilliers - Les Courtilles;046264bd-c840-4781-9a32-7b112b97e34d;Asnières Gennevilliers - Les Courtilles;1;;;Les Agnettes;;48,92310377970;2,28627957753
3520;046264bd-c840-4781-9a32-7b112b97e34d;M13;Les Agnettes;d6fdebfd-2ec5-4ee9-b778-6416efbb82fd/4c1e833f-c363-4d65-a2b5-811c652f0fef;Les Agnettes;1;;;Asnières Gennevilliers - Les Courtilles / Gabriel Péri;;48,93075700330;2,28417444828
3530;4c1e833f-c363-4d65-a2b5-811c652f0fef;M13;Gabriel Péri;046264bd-c840-4781-9a32-7b112b97e34d/64f589f5-2b5a-4d91-ac43-68ca31730a14;Gabriel Péri;1;;;Les Agnettes / Mairie de Clichy;;48,91638230990;2,29468511170
3540;64f589f5-2b5a-4d91-ac43-68ca31730a14;M13;Mairie de Clichy;4c1e833f-c363-4d65-a2b5-811c652f0fef/57094566-b93a-457e-b065-5a0ecb8604d6;Mairie de Clichy;1;;;Gabriel Péri / Porte de Clichy;;48,90333009460;2,30592414987
3550;57094566-b93a-457e-b065-5a0ecb8604d6;M13;Porte de Clichy;64f589f5-2b5a-4d91-ac43-68ca31730a14/50af193c-1baa-4b7b-a7f1-c846edf34f88;Porte de Clichy;1;;;Mairie de Clichy / Brochant;;48,89425226220;2,31377215877
3560;50af193c-1baa-4b7b-a7f1-c846edf34f88;M13;Brochant;57094566-b93a-457e-b065-5a0ecb8604d6/bb95460c-169a-4af7-915c-ca9ee0d5077f;Brochant;1;;;Porte de Clichy / La Fourche;;48,89058718660;2,32017475579
3570;bb95460c-169a-4af7-915c-ca9ee0d5077f;M13;La Fourche;bb95460c-169a-4af7-915c-ca9ee0d5077f/57094566-b93a-457e-b065-5a0ecb8604d6;La Fourche;1;;;La Fourche / Porte de Clichy;;48,88718394690;2,32577967481
3580;ce294054-6da6-4c65-9bff-ba634799d39c;M13;Place de Clichy;bb95460c-169a-4af7-915c-ca9ee0d5077f/0af924e5-a348-452d-b952-42cceda89966;Place de Clichy;2;a19b50e8-8284-47de-a5d4-303e2f4e1058;;La Fourche / Liège;Place de Clichy;48,88380452800;2,32724341195
3590;0af924e5-a348-452d-b952-42cceda89966;M13;Liège;ce294054-6da6-4c65-9bff-ba634799d39c/0538c6d9-110e-4e78-95ea-c54f47c25e1d;Liège;1;;;Place de Clichy / Saint-Lazare;;48,87963476070;2,32702220089
3600;0538c6d9-110e-4e78-95ea-c54f47c25e1d;M13;Saint-Lazare;0af924e5-a348-452d-b952-42cceda89966/463ebbb5-4290-48dc-b2c9-333c4f007b62;Saint-Lazare;4;425b6d44-f26d-4521-b737-a8b577bc437d/c74b2c33-d410-4540-aa4b-6dca528df34b/a9e4878d-035a-467b-8715-75098d61b77d;;Liège / Miromesnil;Saint-Lazare / Saint-Lazare / Saint-Lazare;48,87535495770;2,32481828506
3610;463ebbb5-4290-48dc-b2c9-333c4f007b62;M13;Miromesnil;0538c6d9-110e-4e78-95ea-c54f47c25e1d/891ef774-ed18-49c2-813e-624a98ea2dc1;Miromesnil;2;47bf9b32-5909-4fd3-9608-5ee76110a305;;Saint-Lazare / Champs-Elysées - Clémenceau;Miromesnil;48,87376998870;2,31445603619
3620;891ef774-ed18-49c2-813e-624a98ea2dc1;M13;Champs-Elysées - Clémenceau;463ebbb5-4290-48dc-b2c9-333c4f007b62/a08250b1-c397-4629-b8da-815f942f38d9;Champs-Elysées - Clémenceau;2;e56520f5-e7d1-4b59-9c07-d38f701839ee;;Miromesnil / Invalides;Champs-Elysées - Clémenceau;48,86760214520;2,31389412912
3630;a08250b1-c397-4629-b8da-815f942f38d9;M13;Invalides;891ef774-ed18-49c2-813e-624a98ea2dc1/5a295015-670d-4d85-a5c8-f3150e050d6b;Invalides;2;d522db49-61de-402c-a168-0f16bfcf8e8f;;Champs-Elysées - Clémenceau / Varenne;Invalides;48,86236470410;2,31390957779
3640;5a295015-670d-4d85-a5c8-f3150e050d6b;M13;Varenne;a08250b1-c397-4629-b8da-815f942f38d9/72748398-d735-4a8b-8cb0-3cfb9b92a50a;Varenne;1;;;Invalides / Saint-François-Xavier;;48,85687137920;2,31505663732
3650;72748398-d735-4a8b-8cb0-3cfb9b92a50a;M13;Saint-François-Xavier;5a295015-670d-4d85-a5c8-f3150e050d6b/8d12cf08-e2a9-4127-baec-01b3d1a1a216;Saint-François-Xavier;1;;;Varenne / Duroc;;48,85144170560;2,31440812150
3660;8d12cf08-e2a9-4127-baec-01b3d1a1a216;M13;Duroc;72748398-d735-4a8b-8cb0-3cfb9b92a50a/602f7ed3-bcf1-4286-a47c-258266973dde;Duroc;2;e7a1d7d5-cc67-4779-8966-6459923b20ab;;Saint-François-Xavier / Montparnasse - Bienvenüe;Duroc;48,84705255450;2,31642435206
3670;602f7ed3-bcf1-4286-a47c-258266973dde;M13;Montparnasse - Bienvenüe;8d12cf08-e2a9-4127-baec-01b3d1a1a216/3a46d4c0-2768-4e83-a0f2-d9fdda27a386;Montparnasse - Bienvenüe;4;73c193b7-7eb9-41c3-b5e8-74f92bc20b8c/f4c3281c-5625-4317-8fac-0a7d2b566fc2/602f7ed3-bcf1-4286-a47c-258266973dde;;Duroc / Gaîté;Montparnasse - Bienvenüe / Montparnasse - Bienvenüe / Montparnasse - Bienvenüe;48,84232743770;2,32098483563
3680;3a46d4c0-2768-4e83-a0f2-d9fdda27a386;M13;Gaîté;602f7ed3-bcf1-4286-a47c-258266973dde/4fb786d9-73a9-4037-b134-1d2c19703a90;Gaîté;1;;;Montparnasse - Bienvenüe / Pernety;;48,83863164620;2,32249174982
3690;4fb786d9-73a9-4037-b134-1d2c19703a90;M13;Pernety;3a46d4c0-2768-4e83-a0f2-d9fdda27a386/79cf121c-863e-4ac0-afc5-a9175956951b;Pernety;1;;;Gaîté / Plaisance;;48,83393639270;2,31807828549
3700;79cf121c-863e-4ac0-afc5-a9175956951b;M13;Plaisance;4fb786d9-73a9-4037-b134-1d2c19703a90/85b044f3-3154-4295-a60f-702556a53a43;Plaisance;1;;;Pernety / Porte de Vanves;;48,83182564960;2,31412232347
3710;85b044f3-3154-4295-a60f-702556a53a43;M13;Porte de Vanves;79cf121c-863e-4ac0-afc5-a9175956951b/568e8d77-7151-448c-b08c-badbd95a3e22;Porte de Vanves;1;;;Plaisance / Malakoff Plateau de Vanves;;48,82779554350;2,30553466965
3720;568e8d77-7151-448c-b08c-badbd95a3e22;M13;Malakoff Plateau de Vanves;85b044f3-3154-4295-a60f-702556a53a43/2ab83e03-da24-4495-b838-072af3db041a;Malakoff Plateau de Vanves;1;;;Porte de Vanves / Malakoff Rue Etienne Dolet;;48,82258370680;2,29846419197
3730;2ab83e03-da24-4495-b838-072af3db041a;M13;Malakoff Rue Etienne Dolet;568e8d77-7151-448c-b08c-badbd95a3e22/d19b565d-ff83-4e07-aa16-232d25b57d64;Malakoff Rue Etienne Dolet;1;;;Malakoff Plateau de Vanves / Châtillon - Montrouge;;48,81530753120;2,29707779833
3740;d19b565d-ff83-4e07-aa16-232d25b57d64;M13;Châtillon - Montrouge;2ab83e03-da24-4495-b838-072af3db041a;Châtillon - Montrouge;1;;;Malakoff Rue Etienne Dolet;;48,81074648860;2,30167855546
3750;a9e4878d-035a-467b-8715-75098d61b77d;M14;Saint-Lazare;c7db3972-1b0b-4202-a9ef-1dcb33069525;Saint-Lazare;4;425b6d44-f26d-4521-b737-a8b577bc437d/c74b2c33-d410-4540-aa4b-6dca528df34b/0538c6d9-110e-4e78-95ea-c54f47c25e1d;;Madeleine;Saint-Lazare / Saint-Lazare / Saint-Lazare;48,87576459400;2,32425603265
3760;c7db3972-1b0b-4202-a9ef-1dcb33069525;M14;Madeleine;a9e4878d-035a-467b-8715-75098d61b77d/a69d56f6-038e-493c-8226-6a6b1bcf1d05;Madeleine;3;ea285362-8547-46d3-9477-931b470d0f79/ad8f3b37-7952-4a80-8c25-4f4a98604018;;Saint-Lazare / Pyramides;Madeleine / Madeleine;48,87066702090;2,32575263529
3770;a69d56f6-038e-493c-8226-6a6b1bcf1d05;M14;Pyramides;c7db3972-1b0b-4202-a9ef-1dcb33069525/22df1bb1-c6ab-4788-8194-fd97d494e025;Pyramides;2;d9826fce-40f6-4c37-98a9-f09e3de33bd2;;Madeleine / Châtelet;Pyramides;48,86590673960;2,33418954197
3780;22df1bb1-c6ab-4788-8194-fd97d494e025;M14;Châtelet;a69d56f6-038e-493c-8226-6a6b1bcf1d05/0b8bfbc4-adf6-4dac-b354-e81b05daf694;Châtelet;5;241906bd-1a8a-460a-a00a-19ab1e7af0d9/c9afc5c0-8386-4ac7-ba16-b78795f4bc30/9046fec1-7211-4c22-bdc3-f28e5aff4f2a/dbdbbb8b-724e-4cb7-af3f-a8d4094d0b87;;Pyramides / Gare de Lyon;Châtelet / Châtelet / Châtelet / Châtelet;48,85770881970;2,34794431111
3790;0b8bfbc4-adf6-4dac-b354-e81b05daf694;M14;Gare de Lyon;22df1bb1-c6ab-4788-8194-fd97d494e025/5bca94f6-e392-4061-825a-88847ad43c11;Gare de Lyon;2;6b2c5ee8-d593-40ab-95e6-cd90c1a5f7c8;;Châtelet / Bercy;Gare de Lyon;48,84398558200;2,37301421994
3800;5bca94f6-e392-4061-825a-88847ad43c11;M14;Bercy;0b8bfbc4-adf6-4dac-b354-e81b05daf694/ed251a9b-af7e-444d-8b9e-f5e693175d45;Bercy;2;cc8704fb-c908-463c-8159-6e2379666108;;Gare de Lyon / Cour Saint-Emilion;Bercy;48,84000138950;2,37955401120
3810;ed251a9b-af7e-444d-8b9e-f5e693175d45;M14;Cour Saint-Emilion;5bca94f6-e392-4061-825a-88847ad43c11/a0c023ae-d3b3-467e-ba8d-c74e923b74dd;Cour Saint-Emilion;1;;;Bercy / Bibliothèque François Mitterrand;;48,83333855930;2,38663240207
3820;a0c023ae-d3b3-467e-ba8d-c74e923b74dd;M14;Bibliothèque François Mitterrand;ed251a9b-af7e-444d-8b9e-f5e693175d45/9ad44e7a-f9be-49f3-a3b5-c6ca35946be5;Bibliothèque François Mitterrand;1;;;Cour Saint-Emilion / Olympiades;;48,82999028170;2,37574814434
3830;9ad44e7a-f9be-49f3-a3b5-c6ca35946be5;M14;Olympiades;a0c023ae-d3b3-467e-ba8d-c74e923b74dd;Olympiades;1;;;Bibliothèque François Mitterrand;;48,82727083600;2,36803264776